Name,desc,SUBZONE_NO,SUBZONE_N,PLN_AREA_N,REGION_N,lon,lat
kml_1,,3,BISHAN EAST,BISHAN,CENTRAL REGION,103.848304991875,1.35057959904686
kml_2,,1,BENDEMEER,KALLANG,CENTRAL REGION,103.861502357509,1.3201068758744
kml_3,,3,SENGKANG TOWN CENTRE,SENGKANG,NORTH-EAST REGION,103.895705456484,1.39237084373065
kml_4,,3,SENGKANG TOWN CENTRE,SENGKANG,NORTH-EAST REGION,103.895636894716,1.39179563739944
kml_5,,3,SENGKANG TOWN CENTRE,SENGKANG,NORTH-EAST REGION,103.895405721204,1.3918291197088
kml_6,,4,TUAS BAY,TUAS,WEST REGION,103.639284344781,1.3298724238504
kml_7,,3,TUAS NORTH,TUAS,WEST REGION,103.639790711079,1.33018233002457
kml_8,,2,TUAS PROMENADE,TUAS,WEST REGION,103.637245720192,1.34042689902466
kml_9,,2,TUAS PROMENADE,TUAS,WEST REGION,103.636840667393,1.34094007247694
kml_10,TAMPINES MRT STATION,2,TAMPINES EAST,TAMPINES,EAST REGION,103.942653681681,1.35419392772417
kml_11,GEYLANG BAHRU MRT STATION,2,GEYLANG BAHRU,KALLANG,CENTRAL REGION,103.871555607327,1.32156169849672
kml_12,TAMPINES EAST MRT STATION,2,TAMPINES EAST,TAMPINES,EAST REGION,103.954540440772,1.35646076206548
kml_13,KAKI BUKIT MRT STATION,1,KAKI BUKIT,BEDOK,EAST REGION,103.909146276433,1.33492189023464
kml_14,BEDOK RESERVOIR MRT STATION,2,BEDOK RESERVOIR,BEDOK,EAST REGION,103.933487189666,1.33655490367272
kml_15,BENCOOLEN MRT STATION,3,BRAS BASAH,MUSEUM,CENTRAL REGION,103.84927170363,1.29769911792672
kml_16,BENCOOLEN MRT STATION,10,VICTORIA,ROCHOR,CENTRAL REGION,103.850843384277,1.29919519582314
kml_17,KAKI BUKIT MRT STATION,1,KAKI BUKIT,BEDOK,EAST REGION,103.909405098635,1.33531120598113
kml_18,TAMPINES WEST MRT STATION,3,TAMPINES WEST,TAMPINES,EAST REGION,103.9389485038,1.34499919773184
kml_19,JALAN BESAR MRT STATION,3,SUNGEI ROAD,ROCHOR,CENTRAL REGION,103.855296125118,1.304889894302
kml_20,BENDEMEER MRT STATION,8,KALLANG BAHRU,KALLANG,CENTRAL REGION,103.86307400627,1.31385250565917
kml_21,BEDOK NORTH MRT STATION,1,KAKI BUKIT,BEDOK,EAST REGION,103.917810525589,1.33442257691373
kml_22,UPPER CHANGI MRT STATION,4,SIMEI,TAMPINES,EAST REGION,103.961043080305,1.34084047423654
kml_23,GEYLANG BAHRU MRT STATION,2,GEYLANG BAHRU,KALLANG,CENTRAL REGION,103.871794271391,1.32110911620294
kml_24,TAMPINES MRT STATION,2,TAMPINES EAST,TAMPINES,EAST REGION,103.94367818213,1.35487057463721
kml_25,TAMPINES MRT STATION,2,TAMPINES EAST,TAMPINES,EAST REGION,103.942723497055,1.35459633902671
kml_26,EXPO MRT STATION,5,XILIN,TAMPINES,EAST REGION,103.962161022295,1.33595097134532
kml_27,BEDOK RESERVOIR MRT STATION,2,BEDOK RESERVOIR,BEDOK,EAST REGION,103.932886822111,1.33634776068318
kml_28,BENCOOLEN MRT STATION,3,BRAS BASAH,MUSEUM,CENTRAL REGION,103.849560477591,1.2981994004476
kml_29,EXPO MRT STATION,5,XILIN,TAMPINES,EAST REGION,103.963100681915,1.33483488852459
kml_30,TAMPINES EAST MRT STATION,2,TAMPINES EAST,TAMPINES,EAST REGION,103.955704711307,1.35555317161951
kml_31,MATTAR MRT STATION,2,MACPHERSON,GEYLANG,CENTRAL REGION,103.882732067092,1.32725141385722
kml_32,TAMPINES MRT STATION,2,TAMPINES EAST,TAMPINES,EAST REGION,103.942658810515,1.35585344491815
kml_33,UPPER CHANGI MRT STATION,4,SIMEI,TAMPINES,EAST REGION,103.961328480755,1.3418611975957
kml_34,TAMPINES EAST MRT STATION,2,TAMPINES EAST,TAMPINES,EAST REGION,103.95517001378,1.35558822628637
kml_35,JALAN BESAR MRT STATION,2,LITTLE INDIA,ROCHOR,CENTRAL REGION,103.855244564174,1.30546728021972
kml_36,BEDOK NORTH MRT STATION,1,KAKI BUKIT,BEDOK,EAST REGION,103.918049824275,1.3351262662412
kml_37,UPPER CHANGI MRT STATION,4,SIMEI,TAMPINES,EAST REGION,103.960960630621,1.34200654243122
kml_38,BEDOK NORTH MRT STATION,2,BEDOK RESERVOIR,BEDOK,EAST REGION,103.919062823817,1.33416607470088
kml_39,BENDEMEER MRT STATION,8,KALLANG BAHRU,KALLANG,CENTRAL REGION,103.86321923139499,1.31348072532479
kml_40,TAMPINES WEST MRT STATION,3,TAMPINES WEST,TAMPINES,EAST REGION,103.938196740087,1.34563058756899
kml_41,MACPHERSON MRT STATION,2,MACPHERSON,GEYLANG,CENTRAL REGION,103.888615211543,1.3261927778495
kml_42,,1,ANAK BUKIT,BUKIT TIMAH,CENTRAL REGION,103.775761545572,1.33998187411053
kml_43,,2,SWISS CLUB,BUKIT TIMAH,CENTRAL REGION,103.784561584457,1.33597604545268
kml_44,,2,SWISS CLUB,BUKIT TIMAH,CENTRAL REGION,103.796848178247,1.33152130161709
kml_45,,5,HILLCREST,BUKIT TIMAH,CENTRAL REGION,103.807800873967,1.32614615862711
kml_46,,4,TYERSALL,TANGLIN,CENTRAL REGION,103.815914145423,1.32268461266258
kml_47,,1,NASSIM,TANGLIN,CENTRAL REGION,103.825678128251,1.32035084510273
kml_48,,3,NEWTON CIRCUS,NEWTON,CENTRAL REGION,103.838242381698,1.31361726910534
kml_49,,7,KAMPONG JAVA,KALLANG,CENTRAL REGION,103.848304399567,1.30768353693952
kml_50,,2,LITTLE INDIA,ROCHOR,CENTRAL REGION,103.85310433564,1.30421477706176
kml_51,,11,CENTRAL SUBZONE,DOWNTOWN CORE,CENTRAL REGION,103.852646559876,1.27977345550125
kml_52,,11,CENTRAL SUBZONE,DOWNTOWN CORE,CENTRAL REGION,103.852478046605,1.27952791035319
kml_53,,11,CENTRAL SUBZONE,DOWNTOWN CORE,CENTRAL REGION,103.852908128533,1.27960131790366
kml_54,,11,CENTRAL SUBZONE,DOWNTOWN CORE,CENTRAL REGION,103.853152091629,1.2794443688179
kml_55,,11,CENTRAL SUBZONE,DOWNTOWN CORE,CENTRAL REGION,103.853013759293,1.27917604080022
kml_56,,5,RAFFLES PLACE,DOWNTOWN CORE,CENTRAL REGION,103.84884165634,1.28225066391257
kml_57,,5,RAFFLES PLACE,DOWNTOWN CORE,CENTRAL REGION,103.848773328456,1.28249727512131
kml_58,,8,ONE NORTH,QUEENSTOWN,CENTRAL REGION,103.787784810841,1.30007470313838
kml_59,,11,NATIONAL UNIVERSITY OF S'PORE,QUEENSTOWN,CENTRAL REGION,103.784490452041,1.29398478486961
kml_60,,11,NATIONAL UNIVERSITY OF S'PORE,QUEENSTOWN,CENTRAL REGION,103.784534656764,1.2932188029236
kml_61,,1,FARRER PARK,ROCHOR,CENTRAL REGION,103.848999982017,1.3068547372912
kml_62,,5,JELEBU,BUKIT PANJANG,WEST REGION,103.762034361123,1.37876623736738
kml_63,,3,CHOA CHU KANG CENTRAL,CHOA CHU KANG,WEST REGION,103.744559999977,1.38540000001446
kml_64,,3,CHOA CHU KANG CENTRAL,CHOA CHU KANG,WEST REGION,103.744469999998,1.38460000002529
kml_65,,3,CHOA CHU KANG CENTRAL,CHOA CHU KANG,WEST REGION,103.744470000019,1.38572999998031
kml_66,,3,CHOA CHU KANG CENTRAL,CHOA CHU KANG,WEST REGION,103.744110000023,1.38537000001495
kml_67,,3,CHOA CHU KANG CENTRAL,CHOA CHU KANG,WEST REGION,103.744620000025,1.38499999998039
kml_68,,2,GUL CIRCLE,PIONEER,WEST REGION,103.660444143751,1.31903226645161
kml_69,,3,TUAS NORTH,TUAS,WEST REGION,103.659434945832,1.31883718316129
kml_70,,4,TUAS BAY,TUAS,WEST REGION,103.648958741698,1.32076381710386
kml_71,,3,TUAS NORTH,TUAS,WEST REGION,103.64928678927,1.32124359610994
kml_72,UBI MRT STATION,3,KAMPONG UBI,GEYLANG,CENTRAL REGION,103.898585570826,1.32983077044012
kml_73,FORT CANNING MRT STATION,2,FORT CANNING,MUSEUM,CENTRAL REGION,103.844425031143,1.29283027594677
kml_74,BEDOK NORTH MRT STATION,2,BEDOK RESERVOIR,BEDOK,EAST REGION,103.919134302617,1.33437249012233
kml_75,EXPO MRT STATION,5,XILIN,TAMPINES,EAST REGION,103.962123376964,1.33486331394002
kml_76,MATTAR MRT STATION,2,MACPHERSON,GEYLANG,CENTRAL REGION,103.883748387367,1.32646352258365
kml_77,MACPHERSON MRT STATION,2,MACPHERSON,GEYLANG,CENTRAL REGION,103.888454834502,1.32514545854461
kml_78,FORT CANNING MRT STATION,2,CLARKE QUAY,SINGAPORE RIVER,CENTRAL REGION,103.844170034161,1.29240609583253
kml_79,UBI MRT STATION,3,KAMPONG UBI,GEYLANG,CENTRAL REGION,103.899876690848,1.32995082837169
kml_80,EXPO MRT STATION,5,XILIN,TAMPINES,EAST REGION,103.963049007063,1.33501932047772
kml_81,UPPER CHANGI MRT STATION,5,XILIN,TAMPINES,EAST REGION,103.961617273071,1.34199266736069
kml_82,UPPER CHANGI MRT STATION,5,XILIN,TAMPINES,EAST REGION,103.961476268552,1.34103767885161
kml_83,EXPO MRT STATION,5,XILIN,TAMPINES,EAST REGION,103.961836795228,1.33548282197647
kml_84,TAMPINES EAST MRT STATION,2,TAMPINES EAST,TAMPINES,EAST REGION,103.955717438102,1.35697019383715
kml_85,EXPO MRT STATION,5,XILIN,TAMPINES,EAST REGION,103.962865746056,1.33471194816015
kml_86,,2,CLARKE QUAY,SINGAPORE RIVER,CENTRAL REGION,103.847129742805,1.28940556638775
kml_87,,3,BOAT QUAY,SINGAPORE RIVER,CENTRAL REGION,103.846064544016,1.28689878811719
kml_88,,2,CLARKE QUAY,SINGAPORE RIVER,CENTRAL REGION,103.847032643434,1.28900018275596
kml_89,,1,PEARL'S HILL,OUTRAM,CENTRAL REGION,103.842812853988,1.28467489754109
kml_90,,3,CHOA CHU KANG CENTRAL,CHOA CHU KANG,WEST REGION,103.744595143313,1.38497966463007
kml_91,,4,CHINA SQUARE,OUTRAM,CENTRAL REGION,103.844428119144,1.28504408021216
kml_92,,6,MEI CHIN,QUEENSTOWN,CENTRAL REGION,103.806182776756,1.29424726228763
kml_93,,3,REDHILL,BUKIT MERAH,CENTRAL REGION,103.816994458984,1.28937070497306
kml_94,,3,REDHILL,BUKIT MERAH,CENTRAL REGION,103.817249373152,1.2894858756967
kml_95,,3,COMMONWEALTH,QUEENSTOWN,CENTRAL REGION,103.798057882004,1.30275277669117
kml_96,,1,MARITIME SQUARE,BUKIT MERAH,CENTRAL REGION,103.820508811491,1.26515468248934
kml_97,,2,BOULEVARD,ORCHARD,CENTRAL REGION,103.832039800972,1.30456047400256
kml_98,,2,BOULEVARD,ORCHARD,CENTRAL REGION,103.832524259173,1.30489217805663
kml_99,,3,NEWTON CIRCUS,NEWTON,CENTRAL REGION,103.83788132522,1.31259779649893
kml_100,,3,NEWTON CIRCUS,NEWTON,CENTRAL REGION,103.838219069657,1.3120754624657
kml_101,,2,BOULEVARD,ORCHARD,CENTRAL REGION,103.832619611955,1.30435439891401
kml_102,,6,LAVENDER,KALLANG,CENTRAL REGION,103.863043062661,1.30716946075394
kml_103,,6,LAVENDER,KALLANG,CENTRAL REGION,103.862650317,1.30761853938573
kml_104,,3,BOON KENG,KALLANG,CENTRAL REGION,103.871587075682,1.31178177025519
kml_105,,3,BOON KENG,KALLANG,CENTRAL REGION,103.871730564438,1.31154048327475
kml_106,,4,ALJUNIED,GEYLANG,CENTRAL REGION,103.882472887872,1.31648793060323
kml_107,,4,ALJUNIED,GEYLANG,CENTRAL REGION,103.882496650709,1.31623848506507
kml_108,,1,FARRER PARK,ROCHOR,CENTRAL REGION,103.848985089271,1.30656355543099
kml_109,,6,LAVENDER,KALLANG,CENTRAL REGION,103.854763767306,1.31354396582272
kml_110,,1,FARRER PARK,ROCHOR,CENTRAL REGION,103.852650970554,1.31188353718468
kml_111,,1,FARRER PARK,ROCHOR,CENTRAL REGION,103.853199391349,1.31142204650925
kml_112,,3,MARINA CENTRE,DOWNTOWN CORE,CENTRAL REGION,103.860673611095,1.29171166140689
kml_113,,2,TOA PAYOH CENTRAL,TOA PAYOH,CENTRAL REGION,103.847723804116,1.33237644220252
kml_114,,4,TAMAN JURONG,JURONG WEST,WEST REGION,103.720448529312,1.34398334128965
kml_115,,4,LAKESIDE,JURONG EAST,WEST REGION,103.73339313588,1.34156582672181
kml_116,,4,LAKESIDE,JURONG EAST,WEST REGION,103.732741825689,1.34198208928493
kml_117,,4,LAKESIDE,JURONG EAST,WEST REGION,103.732220154991,1.34243874328555
kml_118,,5,JURONG GATEWAY,JURONG EAST,WEST REGION,103.742762081339,1.33274868498806
kml_119,,5,JURONG GATEWAY,JURONG EAST,WEST REGION,103.741759898193,1.33398960419187
kml_120,,5,JURONG GATEWAY,JURONG EAST,WEST REGION,103.742640162857,1.33252623524168
kml_121,,6,YEW TEE,CHOA CHU KANG,WEST REGION,103.747329879801,1.39806776778826
kml_122,,6,YEW TEE,CHOA CHU KANG,WEST REGION,103.747195166579,1.39765547977731
kml_123,,6,YEW TEE,CHOA CHU KANG,WEST REGION,103.74743189352,1.39700077164885
kml_124,,6,YEW TEE,CHOA CHU KANG,WEST REGION,103.747111430587,1.39727251157391
kml_125,,4,GUILIN,BUKIT BATOK,WEST REGION,103.752092996075,1.35869526082608
kml_126,,1,TECK WHYE,CHOA CHU KANG,WEST REGION,103.749226841454,1.37846496657352
kml_127,,1,TECK WHYE,CHOA CHU KANG,WEST REGION,103.753826102387,1.37656419474694
kml_128,,1,TECK WHYE,CHOA CHU KANG,WEST REGION,103.758252475205,1.3786140682138
kml_129,,1,TECK WHYE,CHOA CHU KANG,WEST REGION,103.759597843348,1.38074511739601
kml_130,,5,JELEBU,BUKIT PANJANG,WEST REGION,103.766793014621,1.37760322841152
kml_131,,4,BANGKIT,BUKIT PANJANG,WEST REGION,103.771327842063,1.37629711728393
kml_132,,4,BANGKIT,BUKIT PANJANG,WEST REGION,103.772590574406,1.3798533472075
kml_133,,3,FAJAR,BUKIT PANJANG,WEST REGION,103.770675518391,1.38446507154114
kml_134,,2,SAUJANA,BUKIT PANJANG,WEST REGION,103.769409914488,1.38781155584118
kml_135,,2,SAUJANA,BUKIT PANJANG,WEST REGION,103.764676792881,1.38683269956681
kml_136,,1,SENJA,BUKIT PANJANG,WEST REGION,103.762325766284,1.38287544735584
kml_137,,5,JELEBU,BUKIT PANJANG,WEST REGION,103.763063555562,1.37802038355959
kml_138,,5,JELEBU,BUKIT PANJANG,WEST REGION,103.763178520707,1.37786324880258
kml_139,,1,NORTHSHORE,PUNGGOL,NORTH-EAST REGION,103.901911509394,1.41586536008424
kml_140,,1,NORTHSHORE,PUNGGOL,NORTH-EAST REGION,103.902361559985,1.41590585674736
kml_141,,1,NORTHSHORE,PUNGGOL,NORTH-EAST REGION,103.90678152965,1.41287573506061
kml_142,,1,NORTHSHORE,PUNGGOL,NORTH-EAST REGION,103.906510790275,1.41292900271027
kml_143,,2,PUNGGOL TOWN CENTRE,PUNGGOL,NORTH-EAST REGION,103.905038571041,1.40970249986932
kml_144,,2,PUNGGOL TOWN CENTRE,PUNGGOL,NORTH-EAST REGION,103.904792279855,1.40982767238685
kml_145,,5,WATERWAY EAST,PUNGGOL,NORTH-EAST REGION,103.908613856343,1.40504602833532
kml_146,,5,WATERWAY EAST,PUNGGOL,NORTH-EAST REGION,103.912754574137,1.40210371939237
kml_147,,5,WATERWAY EAST,PUNGGOL,NORTH-EAST REGION,103.916517130247,1.39941146679106
kml_148,,4,PUNGGOL FIELD,PUNGGOL,NORTH-EAST REGION,103.915935470709,1.39455906575224
kml_149,,4,PUNGGOL FIELD,PUNGGOL,NORTH-EAST REGION,103.916263098401,1.39432561096426
kml_150,,4,PUNGGOL FIELD,PUNGGOL,NORTH-EAST REGION,103.912708744493,1.39397080744505
kml_151,,4,PUNGGOL FIELD,PUNGGOL,NORTH-EAST REGION,103.91265223397,1.39368465245637
kml_152,,4,PUNGGOL FIELD,PUNGGOL,NORTH-EAST REGION,103.906176013915,1.3993026562466
kml_153,,1,MARITIME SQUARE,BUKIT MERAH,CENTRAL REGION,103.822509807434,1.26508503450476
kml_154,,6,FERNVALE,SENGKANG,NORTH-EAST REGION,103.876261653766,1.39215826730921
kml_155,,5,JELEBU,BUKIT PANJANG,WEST REGION,103.762722523341,1.37792792747203
kml_156,,5,JELEBU,BUKIT PANJANG,WEST REGION,103.763251852324,1.37802410275671
kml_157,,4,BEDOK NORTH,BEDOK,EAST REGION,103.945723041735,1.32706127567926
kml_158,,6,BEDOK SOUTH,BEDOK,EAST REGION,103.945794727534,1.32685774826216
kml_159,,6,CLEMENTI CENTRAL,CLEMENTI,WEST REGION,103.764982102721,1.31537355782996
kml_160,,4,CLEMENTI NORTH,CLEMENTI,WEST REGION,103.765185566981,1.31546912900736
kml_161,,8,ONE NORTH,QUEENSTOWN,CENTRAL REGION,103.790449174952,1.3073094507349
kml_162,,8,ONE NORTH,QUEENSTOWN,CENTRAL REGION,103.790656618984,1.30719725707747
kml_163,,8,ONE NORTH,QUEENSTOWN,CENTRAL REGION,103.790599390127,1.3069128890454
kml_164,,5,MARGARET DRIVE,QUEENSTOWN,CENTRAL REGION,103.806311472381,1.29432990885281
kml_165,,4,ANCHORVALE,SENGKANG,NORTH-EAST REGION,103.89368487443,1.39637321790941
kml_166,,4,ANCHORVALE,SENGKANG,NORTH-EAST REGION,103.893920331825,1.39618697106861
kml_167,,6,FERNVALE,SENGKANG,NORTH-EAST REGION,103.875566364337,1.39719803621293
kml_168,,6,FERNVALE,SENGKANG,NORTH-EAST REGION,103.875686836842,1.39719245853718
kml_169,,6,FERNVALE,SENGKANG,NORTH-EAST REGION,103.881139169449,1.39828419775965
kml_170,,6,FERNVALE,SENGKANG,NORTH-EAST REGION,103.881137935991,1.3981587913544
kml_171,,4,ANCHORVALE,SENGKANG,NORTH-EAST REGION,103.889407448053,1.39720034481882
kml_172,,4,ANCHORVALE,SENGKANG,NORTH-EAST REGION,103.889115016668,1.39713347738785
kml_173,,6,FERNVALE,SENGKANG,NORTH-EAST REGION,103.880159730357,1.39202617250216
kml_174,,6,FERNVALE,SENGKANG,NORTH-EAST REGION,103.880142799332,1.39214453745048
kml_175,,4,ANCHORVALE,SENGKANG,NORTH-EAST REGION,103.886084357599,1.38937900816527
kml_176,,5,COMPASSVALE,SENGKANG,NORTH-EAST REGION,103.885962113958,1.38918016115151
kml_177,,5,COMPASSVALE,SENGKANG,NORTH-EAST REGION,103.890409161948,1.38669795555361
kml_178,,4,ANCHORVALE,SENGKANG,NORTH-EAST REGION,103.890438192339,1.38681414434187
kml_179,,3,SENGKANG TOWN CENTRE,SENGKANG,NORTH-EAST REGION,103.897321724006,1.38417638619625
kml_180,,5,COMPASSVALE,SENGKANG,NORTH-EAST REGION,103.897223938477,1.38410488317877
kml_181,,2,RIVERVALE,SENGKANG,NORTH-EAST REGION,103.902147558302,1.38407450271044
kml_182,,2,RIVERVALE,SENGKANG,NORTH-EAST REGION,103.902276368272,1.38376520336596
kml_183,,2,RIVERVALE,SENGKANG,NORTH-EAST REGION,103.905445630902,1.38818538527097
kml_184,,2,RIVERVALE,SENGKANG,NORTH-EAST REGION,103.905482124277,1.38784079921147
kml_185,,2,RIVERVALE,SENGKANG,NORTH-EAST REGION,103.906018791355,1.39134048642612
kml_186,,2,RIVERVALE,SENGKANG,NORTH-EAST REGION,103.906105819635,1.39141424167824
kml_187,,3,SENGKANG TOWN CENTRE,SENGKANG,NORTH-EAST REGION,103.900616470041,1.39432752193468
kml_188,,3,SENGKANG TOWN CENTRE,SENGKANG,NORTH-EAST REGION,103.900706597598,1.39453417203723
kml_189,,1,NORTHSHORE,PUNGGOL,NORTH-EAST REGION,103.906693305013,1.4166640682387
kml_190,,1,NORTHSHORE,PUNGGOL,NORTH-EAST REGION,103.906817792306,1.41691476785931
kml_191,,2,PUNGGOL TOWN CENTRE,PUNGGOL,NORTH-EAST REGION,103.900073808026,1.41177277341072
kml_192,,2,PUNGGOL TOWN CENTRE,PUNGGOL,NORTH-EAST REGION,103.900531554602,1.41191032395487
kml_193,,2,PUNGGOL TOWN CENTRE,PUNGGOL,NORTH-EAST REGION,103.898335680428,1.40836843118265
kml_194,,2,PUNGGOL TOWN CENTRE,PUNGGOL,NORTH-EAST REGION,103.898757124288,1.40848790171116
kml_195,,3,MATILDA,PUNGGOL,NORTH-EAST REGION,103.897029921952,1.40501492515592
kml_196,,3,MATILDA,PUNGGOL,NORTH-EAST REGION,103.89740857213,1.40524489966138
kml_197,,5,WATERWAY EAST,PUNGGOL,NORTH-EAST REGION,103.908792227208,1.40528461378589
kml_198,,5,WATERWAY EAST,PUNGGOL,NORTH-EAST REGION,103.912646132674,1.40250713160986
kml_199,,5,WATERWAY EAST,PUNGGOL,NORTH-EAST REGION,103.91638745841,1.3998092631678
kml_200,,4,PUNGGOL FIELD,PUNGGOL,NORTH-EAST REGION,103.908965832774,1.39668104974033
kml_201,,4,PUNGGOL FIELD,PUNGGOL,NORTH-EAST REGION,103.908869496397,1.39712168941012
kml_202,,4,PUNGGOL FIELD,PUNGGOL,NORTH-EAST REGION,103.905928735982,1.39912439358088
kml_203,,3,CHOA CHU KANG CENTRAL,CHOA CHU KANG,WEST REGION,103.745101130846,1.38031765715361
kml_204,,7,LEEDON PARK,BUKIT TIMAH,CENTRAL REGION,103.795769108336,1.31106948384128
kml_205,,8,ONE NORTH,QUEENSTOWN,CENTRAL REGION,103.787927806294,1.30035949376075
kml_206,,8,ONE NORTH,QUEENSTOWN,CENTRAL REGION,103.786907466447,1.29902749899509
kml_207,,12,KENT RIDGE,QUEENSTOWN,CENTRAL REGION,103.784809632313,1.29242811635275
kml_208,,11,NATIONAL UNIVERSITY OF S'PORE,QUEENSTOWN,CENTRAL REGION,103.784465895653,1.29431588660356
kml_209,,13,PASIR PANJANG 1,QUEENSTOWN,CENTRAL REGION,103.782006397216,1.28305527329878
kml_210,,15,PORT,QUEENSTOWN,CENTRAL REGION,103.79203018648,1.27600323322947
kml_211,,1,MARITIME SQUARE,BUKIT MERAH,CENTRAL REGION,103.802355553546,1.27210695832699
kml_212,,1,MARITIME SQUARE,BUKIT MERAH,CENTRAL REGION,103.809883731154,1.27072122582389
kml_213,,6,CORONATION ROAD,BUKIT TIMAH,CENTRAL REGION,103.807799119262,1.32533306936112
kml_214,,5,JELEBU,BUKIT PANJANG,WEST REGION,103.764234480567,1.3698333185872
kml_215,,6,CORONATION ROAD,BUKIT TIMAH,CENTRAL REGION,103.796566082462,1.33078046998287
kml_216,,3,HOLLAND ROAD,BUKIT TIMAH,CENTRAL REGION,103.783030259775,1.33553707792342
kml_217,,5,HILLVIEW,BUKIT BATOK,WEST REGION,103.767108460116,1.36208434015294
kml_218,,5,JELEBU,BUKIT PANJANG,WEST REGION,103.76192293429,1.3790079701566
kml_219,,9,BENCOOLEN,ROCHOR,CENTRAL REGION,103.852375021427,1.30340410645503
kml_220,,11,CENTRAL SUBZONE,DOWNTOWN CORE,CENTRAL REGION,103.852427746701,1.27979623981086
kml_221,,3,CHINATOWN,OUTRAM,CENTRAL REGION,103.848506543977,1.28188738949905
kml_222,,9,JURONG WEST CENTRAL,JURONG WEST,WEST REGION,103.697155373097,1.33734462661336
kml_223,,9,JURONG WEST CENTRAL,JURONG WEST,WEST REGION,103.6971294532,1.33783162758086
kml_224,,9,TANJONG PAGAR,DOWNTOWN CORE,CENTRAL REGION,103.845656004056,1.27644796834312
kml_225,,8,ONE NORTH,QUEENSTOWN,CENTRAL REGION,103.790930065271,1.30629814205068
kml_226,,3,MARINA CENTRE,DOWNTOWN CORE,CENTRAL REGION,103.860236484489,1.29410275643488
kml_227,,11,CENTRAL SUBZONE,DOWNTOWN CORE,CENTRAL REGION,103.854312259767,1.27745630435961
kml_228,,8,KHATIB,YISHUN,NORTH REGION,103.833231020389,1.41786903679961
kml_229,,4,SIMEI,TAMPINES,EAST REGION,103.95381867645,1.34266179446169
kml_230,,4,BEDOK NORTH,BEDOK,EAST REGION,103.929404279419,1.32407464556764
kml_231,,1,BUGIS,DOWNTOWN CORE,CENTRAL REGION,103.85689065484,1.2990788485169
kml_232,,2,CITY HALL,DOWNTOWN CORE,CENTRAL REGION,103.852980287905,1.29304184768321
kml_233,,5,MARGARET DRIVE,QUEENSTOWN,CENTRAL REGION,103.805584729555,1.29544625608015
kml_234,,6,MEI CHIN,QUEENSTOWN,CENTRAL REGION,103.805492204897,1.29538293017444
kml_235,,3,COMMONWEALTH,QUEENSTOWN,CENTRAL REGION,103.798778572533,1.30207704537001
kml_236,,4,TANGLIN HALT,QUEENSTOWN,CENTRAL REGION,103.798720258386,1.30201271937938
kml_237,,6,CLEMENTI CENTRAL,CLEMENTI,WEST REGION,103.765570116166,1.31407841434575
kml_238,,4,CLEMENTI NORTH,CLEMENTI,WEST REGION,103.765749815764,1.31416229855984
kml_239,,5,JURONG GATEWAY,JURONG EAST,WEST REGION,103.742298193693,1.3335813312615
kml_240,,2,CHENG SAN,ANG MO KIO,NORTH-EAST REGION,103.849824572677,1.36988237519577
kml_241,,3,SOMERSET,ORCHARD,CENTRAL REGION,103.838765584623,1.30043622094357
kml_242,,3,SOMERSET,ORCHARD,CENTRAL REGION,103.839734147995,1.30024113828288
kml_243,,1,STRAITS VIEW,STRAITS VIEW,CENTRAL REGION,103.862330050952,1.27052998970087
kml_244,,1,STRAITS VIEW,STRAITS VIEW,CENTRAL REGION,103.863579669476,1.27143783742584
kml_245,,4,CHINA SQUARE,OUTRAM,CENTRAL REGION,103.844458541289,1.28473608352967
kml_246,,4,CHINA SQUARE,OUTRAM,CENTRAL REGION,103.845462531446,1.28427477583881
kml_247,,1,GOMBAK,BUKIT BATOK,WEST REGION,103.761370505137,1.37861889405757
kml_248,,7,NATURE RESERVE,BUKIT PANJANG,WEST REGION,103.767688290292,1.36247423811696
kml_249,,1,ANAK BUKIT,BUKIT TIMAH,CENTRAL REGION,103.775984295822,1.34169615030393
kml_250,,3,SENGKANG TOWN CENTRE,SENGKANG,NORTH-EAST REGION,103.895209399462,1.39088158619364
kml_251,,2,PUNGGOL TOWN CENTRE,PUNGGOL,NORTH-EAST REGION,103.902305996872,1.40533957595498
kml_252,,3,MATILDA,PUNGGOL,NORTH-EAST REGION,103.901798524031,1.40443833659354
kml_253,,2,PUNGGOL TOWN CENTRE,PUNGGOL,NORTH-EAST REGION,103.9025981967,1.40518624140136
kml_254,,3,MATILDA,PUNGGOL,NORTH-EAST REGION,103.902115639048,1.40430062552125
kml_255,,5,COMPASSVALE,SENGKANG,NORTH-EAST REGION,103.892883836865,1.3834097907093
kml_256,,5,COMPASSVALE,SENGKANG,NORTH-EAST REGION,103.893463151796,1.38264972279286
kml_257,,9,YISHUN WEST,YISHUN,NORTH REGION,103.83509084238,1.42911681452082
kml_258,,9,YISHUN WEST,YISHUN,NORTH REGION,103.834865533857,1.42963629171023
kml_259,,1,YISHUN CENTRAL,YISHUN,NORTH REGION,103.835643654996,1.4296655975526
kml_260,,6,SERANGOON CENTRAL,SERANGOON,NORTH-EAST REGION,103.872866695225,1.3507901990795
kml_261,,6,SERANGOON CENTRAL,SERANGOON,NORTH-EAST REGION,103.873641321679,1.34983373837394
kml_262,,6,SERANGOON CENTRAL,SERANGOON,NORTH-EAST REGION,103.872902116655,1.35082024505078
kml_263,,12,JOO SENG,TOA PAYOH,CENTRAL REGION,103.887627437469,1.33591408489975
kml_264,,5,GEYLANG EAST,GEYLANG,CENTRAL REGION,103.903215186906,1.3195299186662801
kml_265,,3,SEMBAWANG CENTRAL,SEMBAWANG,NORTH REGION,103.81975896603,1.44915683698769
kml_266,,1,HOUGANG CENTRAL,HOUGANG,NORTH-EAST REGION,103.89297240107,1.37194611624516
kml_267,,3,CHANGI AIRPORT,CHANGI,EAST REGION,103.989276642522,1.35634142127625
kml_268,,3,CHANGI AIRPORT,CHANGI,EAST REGION,103.987304580058,1.35722025577089
kml_269,,2,CITY HALL,DOWNTOWN CORE,CENTRAL REGION,103.854920202503,1.29358640118052
kml_270,,3,MARINA CENTRE,DOWNTOWN CORE,CENTRAL REGION,103.855855203395,1.29290433651361
kml_271,,3,MARINA CENTRE,DOWNTOWN CORE,CENTRAL REGION,103.856175671375,1.29292718708428
kml_272,,5,RAFFLES PLACE,DOWNTOWN CORE,CENTRAL REGION,103.851562535747,1.28363052088233
kml_273,,5,RAFFLES PLACE,DOWNTOWN CORE,CENTRAL REGION,103.85129603326,1.2826262338212
kml_274,,5,RAFFLES PLACE,DOWNTOWN CORE,CENTRAL REGION,103.850960901743,1.28253857529118
kml_275,,5,RAFFLES PLACE,DOWNTOWN CORE,CENTRAL REGION,103.851433302722,1.28238230690073
kml_276,,9,TANJONG PAGAR,DOWNTOWN CORE,CENTRAL REGION,103.84709579099,1.27625910091682
kml_277,,7,MAXWELL,DOWNTOWN CORE,CENTRAL REGION,103.846927579956,1.27737948785519
kml_278,,7,MAXWELL,DOWNTOWN CORE,CENTRAL REGION,103.846953147203,1.27778454024872
kml_279,,9,TANJONG PAGAR,DOWNTOWN CORE,CENTRAL REGION,103.846445088026,1.27545090478071
kml_280,,2,CITY HALL,DOWNTOWN CORE,CENTRAL REGION,103.855567840908,1.29312881335379
kml_281,,2,CITY HALL,DOWNTOWN CORE,CENTRAL REGION,103.85510463247,1.29381950749458
kml_282,,3,MARINA CENTRE,DOWNTOWN CORE,CENTRAL REGION,103.855833755781,1.29262374388371
kml_283,,3,MARINA CENTRE,DOWNTOWN CORE,CENTRAL REGION,103.860136884357,1.29386208757886
kml_284,,9,CRAWFORD,KALLANG,CENTRAL REGION,103.86350595527,1.30016968936613
kml_285,,5,TANJONG RHU,KALLANG,CENTRAL REGION,103.876226233535,1.30337022557801
kml_286,,5,TANJONG RHU,KALLANG,CENTRAL REGION,103.874399988307,1.30251108784188
kml_287,,4,ALJUNIED,GEYLANG,CENTRAL REGION,103.883248292766,1.30604592586962
kml_288,,4,ALJUNIED,GEYLANG,CENTRAL REGION,103.882597536148,1.3067527100394
kml_289,,4,ALJUNIED,GEYLANG,CENTRAL REGION,103.889307215721,1.30881418793204
kml_290,,4,ALJUNIED,GEYLANG,CENTRAL REGION,103.887979337241,1.30809675017116
kml_291,,4,ALJUNIED,GEYLANG,CENTRAL REGION,103.891721121493,1.31814928545913
kml_292,,4,ALJUNIED,GEYLANG,CENTRAL REGION,103.892077699344,1.31658771926198
kml_293,,2,TOA PAYOH CENTRAL,TOA PAYOH,CENTRAL REGION,103.84757756762,1.33231553648447
kml_294,,2,TOA PAYOH CENTRAL,TOA PAYOH,CENTRAL REGION,103.847319773892,1.33299410200979
kml_295,,2,MOULMEIN,NOVENA,CENTRAL REGION,103.843339733674,1.31989588562848
kml_296,,2,MOULMEIN,NOVENA,CENTRAL REGION,103.844389333915,1.32109486825779
kml_297,,2,TOA PAYOH CENTRAL,TOA PAYOH,CENTRAL REGION,103.846517405706,1.33327874574262
kml_298,,10,BIDADARI,TOA PAYOH,CENTRAL REGION,103.871053804409,1.33986721975236
kml_299,,10,BIDADARI,TOA PAYOH,CENTRAL REGION,103.870940604748,1.33851065482785
kml_300,,8,WOODLEIGH,TOA PAYOH,CENTRAL REGION,103.870508468118,1.33858314970471
kml_301,,1,BENDEMEER,KALLANG,CENTRAL REGION,103.861903675195,1.31923519641416
kml_302,,9,POTONG PASIR,TOA PAYOH,CENTRAL REGION,103.868703893583,1.33106671085372
kml_303,,11,SENNETT,TOA PAYOH,CENTRAL REGION,103.869333239004,1.33114814040893
kml_304,,3,SOMERSET,ORCHARD,CENTRAL REGION,103.83839932672,1.30002848834365
kml_305,,8,ONE NORTH,QUEENSTOWN,CENTRAL REGION,103.787565456114,1.29971469741737
kml_306,,3,BRAS BASAH,MUSEUM,CENTRAL REGION,103.850474275463,1.29604621306015
kml_307,,3,BRAS BASAH,MUSEUM,CENTRAL REGION,103.851327253152,1.29685892134698
kml_308,,3,BRAS BASAH,MUSEUM,CENTRAL REGION,103.850249852579,1.29701443318198
kml_309,,3,BRAS BASAH,MUSEUM,CENTRAL REGION,103.850157521286,1.2975514849494
kml_310,,3,BRAS BASAH,MUSEUM,CENTRAL REGION,103.850423192268,1.2975354517452
kml_311,,3,MARINA CENTRE,DOWNTOWN CORE,CENTRAL REGION,103.856305554802,1.29337054831409
kml_312,,7,BUKIT BATOK CENTRAL,BUKIT BATOK,WEST REGION,103.749766564949,1.34952006043454
kml_313,,1,PEARL'S HILL,OUTRAM,CENTRAL REGION,103.843476210259,1.28540646014157
kml_314,,7,BUKIT BATOK CENTRAL,BUKIT BATOK,WEST REGION,103.749118394378,1.34840537607705
kml_315,,7,BUKIT BATOK CENTRAL,BUKIT BATOK,WEST REGION,103.749973990428,1.34956107520799
kml_316,,4,GUILIN,BUKIT BATOK,WEST REGION,103.751726615098,1.35906497958917
kml_317,,4,GUILIN,BUKIT BATOK,WEST REGION,103.752076389357,1.35906984625071
kml_318,,4,GUILIN,BUKIT BATOK,WEST REGION,103.751950990949,1.35929785294592
kml_319,,9,JURONG WEST CENTRAL,JURONG WEST,WEST REGION,103.706145547958,1.33842069582108
kml_320,,9,JURONG WEST CENTRAL,JURONG WEST,WEST REGION,103.705955152701,1.33873810847153
kml_321,,9,JURONG WEST CENTRAL,JURONG WEST,WEST REGION,103.705408995104,1.33827998801907
kml_322,,4,TAMAN JURONG,JURONG WEST,WEST REGION,103.721712826797,1.34430417025837
kml_323,,4,TAMAN JURONG,JURONG WEST,WEST REGION,103.721075412914,1.34408145719424
kml_324,,2,TURF CLUB,SUNGEI KADUT,NORTH REGION,103.761754685723,1.42512594907483
kml_325,,2,TURF CLUB,SUNGEI KADUT,NORTH REGION,103.761940606034,1.4248526448411
kml_326,,2,TURF CLUB,SUNGEI KADUT,NORTH REGION,103.762018515879,1.42473917079167
kml_327,,6,WOODLANDS WEST,WOODLANDS,NORTH REGION,103.77382045127,1.43246952264331
kml_328,,6,WOODLANDS WEST,WOODLANDS,NORTH REGION,103.774210493141,1.43280169451515
kml_329,,5,GEYLANG EAST,GEYLANG,CENTRAL REGION,103.892788323899,1.31821599227738
kml_330,,5,GEYLANG EAST,GEYLANG,CENTRAL REGION,103.892217168434,1.31834746673675
kml_331,,10,YIO CHU KANG,ANG MO KIO,NORTH-EAST REGION,103.844645760623,1.38195362090791
kml_332,,10,YIO CHU KANG,ANG MO KIO,NORTH-EAST REGION,103.844834195545,1.38164440734005
kml_333,,10,YIO CHU KANG,ANG MO KIO,NORTH-EAST REGION,103.844946847263,1.38154752021026
kml_334,,1,WOODLANDS REGIONAL CENTRE,WOODLANDS,NORTH REGION,103.786393694452,1.43675279074312
kml_335,,1,WOODLANDS REGIONAL CENTRE,WOODLANDS,NORTH REGION,103.787224897863,1.43709440846718
kml_336,,1,WOODLANDS REGIONAL CENTRE,WOODLANDS,NORTH REGION,103.785844246363,1.43659643121801
kml_337,,3,WOODLANDS EAST,WOODLANDS,NORTH REGION,103.800542458538,1.44059628589203
kml_338,,4,TANGLIN HALT,QUEENSTOWN,CENTRAL REGION,103.797958291987,1.30264816169804
kml_339,,4,TIONG BAHRU STATION,BUKIT MERAH,CENTRAL REGION,103.82699059538,1.28575945556535
kml_340,,4,TIONG BAHRU STATION,BUKIT MERAH,CENTRAL REGION,103.827496413762,1.28636194118356
kml_341,,1,MARITIME SQUARE,BUKIT MERAH,CENTRAL REGION,103.822531651257,1.26525988353717
kml_342,,3,WOODLANDS EAST,WOODLANDS,NORTH REGION,103.800989521586,1.44034566108303
kml_343,,3,SEMBAWANG CENTRAL,SEMBAWANG,NORTH REGION,103.820109735911,1.4488373195224
kml_344,,3,SEMBAWANG CENTRAL,SEMBAWANG,NORTH REGION,103.819790204599,1.4487682601438
kml_345,,9,YISHUN WEST,YISHUN,NORTH REGION,103.834783603157,1.42939716741454
kml_346,,9,YISHUN WEST,YISHUN,NORTH REGION,103.834863485226,1.42910650760478
kml_347,,8,KHATIB,YISHUN,NORTH REGION,103.832886914,1.41754470714125
kml_348,,8,KHATIB,YISHUN,NORTH REGION,103.832922417109,1.41705821269757
kml_349,,8,KHATIB,YISHUN,NORTH REGION,103.832706667896,1.41714341788378
kml_350,,3,SEMBAWANG CENTRAL,SEMBAWANG,NORTH REGION,103.820401560553,1.44892733143695
kml_351,,3,PASIR RIS CENTRAL,PASIR RIS,EAST REGION,103.949136940637,1.37288623644234
kml_352,,3,PASIR RIS CENTRAL,PASIR RIS,EAST REGION,103.949333426663,1.37284196945123
kml_353,,2,TAMPINES EAST,TAMPINES,EAST REGION,103.944766312035,1.35376401272128
kml_354,,2,TAMPINES EAST,TAMPINES,EAST REGION,103.944903957508,1.35339831298403
kml_355,,3,CHOA CHU KANG CENTRAL,CHOA CHU KANG,WEST REGION,103.744517798582,1.38573618580077
kml_356,,3,CHOA CHU KANG CENTRAL,CHOA CHU KANG,WEST REGION,103.74455713579,1.38543128108373
kml_357,,2,BOULEVARD,ORCHARD,CENTRAL REGION,103.832770796778,1.30416113783769
kml_358,,2,BOULEVARD,ORCHARD,CENTRAL REGION,103.832171601311,1.30316753457927
kml_359,,3,SOMERSET,ORCHARD,CENTRAL REGION,103.838458984984,1.30076651903494
kml_360,,1,DHOBY GHAUT,MUSEUM,CENTRAL REGION,103.846787972199,1.29844509209436
kml_361,,1,DHOBY GHAUT,MUSEUM,CENTRAL REGION,103.845229558848,1.29905589078222
kml_362,,1,DHOBY GHAUT,MUSEUM,CENTRAL REGION,103.845372293862,1.29974847067077
kml_363,,1,DHOBY GHAUT,MUSEUM,CENTRAL REGION,103.845842317658,1.29963489152313
kml_364,,1,BUGIS,DOWNTOWN CORE,CENTRAL REGION,103.855685703761,1.30000694112586
kml_365,,2,CITY HALL,DOWNTOWN CORE,CENTRAL REGION,103.853020413209,1.29322711063227
kml_366,,2,CITY HALL,DOWNTOWN CORE,CENTRAL REGION,103.851960217612,1.29309991887039
kml_367,,1,BUGIS,DOWNTOWN CORE,CENTRAL REGION,103.856336627736,1.30078219915551
kml_368,,1,BUGIS,DOWNTOWN CORE,CENTRAL REGION,103.855924081119,1.30120408941183
kml_369,,2,PEOPLE'S PARK,OUTRAM,CENTRAL REGION,103.838657701613,1.28160242860646
kml_370,,2,PEOPLE'S PARK,OUTRAM,CENTRAL REGION,103.838934837316,1.28167534593396
kml_371,,9,TANJONG PAGAR,DOWNTOWN CORE,CENTRAL REGION,103.846544590384,1.27667174226302
kml_372,,9,TANJONG PAGAR,DOWNTOWN CORE,CENTRAL REGION,103.84483401421,1.27640850068696
kml_373,,9,TANJONG PAGAR,DOWNTOWN CORE,CENTRAL REGION,103.846533557623,1.2760892302224
kml_374,,9,TANJONG PAGAR,DOWNTOWN CORE,CENTRAL REGION,103.846908800375,1.27606482846367
kml_375,,11,CENTRAL SUBZONE,DOWNTOWN CORE,CENTRAL REGION,103.854948578682,1.27570890874184
kml_376,,5,RAFFLES PLACE,DOWNTOWN CORE,CENTRAL REGION,103.851621715938,1.28525828161841
kml_377,,5,RAFFLES PLACE,DOWNTOWN CORE,CENTRAL REGION,103.851522595415,1.28321158239686
kml_378,,5,RAFFLES PLACE,DOWNTOWN CORE,CENTRAL REGION,103.851479977868,1.28460687437541
kml_379,,5,RAFFLES PLACE,DOWNTOWN CORE,CENTRAL REGION,103.851478131638,1.28501689755616
kml_380,,5,RAFFLES PLACE,DOWNTOWN CORE,CENTRAL REGION,103.851438354045,1.28412514795808
kml_381,,5,RAFFLES PLACE,DOWNTOWN CORE,CENTRAL REGION,103.851353214949,1.28364139132174
kml_382,,1,DHOBY GHAUT,MUSEUM,CENTRAL REGION,103.845030131972,1.29993066568168
kml_383,,3,CHINATOWN,OUTRAM,CENTRAL REGION,103.84038678679,1.28021335403313
kml_384,,16,EVERTON PARK,BUKIT MERAH,CENTRAL REGION,103.839549241531,1.27894695577032
kml_385,,5,SINGAPORE GENERAL HOSPITAL,BUKIT MERAH,CENTRAL REGION,103.838537252246,1.27905123844996
kml_386,,2,CLARKE QUAY,SINGAPORE RIVER,CENTRAL REGION,103.846665833657,1.28938385188261
kml_387,,2,MACPHERSON,GEYLANG,CENTRAL REGION,103.889793336257,1.32667875874457
kml_388,,3,KAMPONG UBI,GEYLANG,CENTRAL REGION,103.890665675409,1.32585502999262
kml_389,,2,MACPHERSON,GEYLANG,CENTRAL REGION,103.890262565304,1.3254815302598
kml_390,,12,JOO SENG,TOA PAYOH,CENTRAL REGION,103.88821406788,1.33462087715886
kml_391,,7,UPPER PAYA LEBAR,SERANGOON,NORTH-EAST REGION,103.878908694293,1.34350106181905
kml_392,,10,BIDADARI,TOA PAYOH,CENTRAL REGION,103.880255892995,1.3422487493521
kml_393,,6,SERANGOON CENTRAL,SERANGOON,NORTH-EAST REGION,103.873546496147,1.34972769993964
kml_394,,7,UPPER PAYA LEBAR,SERANGOON,NORTH-EAST REGION,103.87395739513,1.34948168025525
kml_395,,7,UPPER PAYA LEBAR,SERANGOON,NORTH-EAST REGION,103.874321946909,1.34990159251369
kml_396,,6,SERANGOON CENTRAL,SERANGOON,NORTH-EAST REGION,103.873694014085,1.35059510472914
kml_397,,6,SERANGOON CENTRAL,SERANGOON,NORTH-EAST REGION,103.871449340771,1.35094827802761
kml_398,,6,SERANGOON CENTRAL,SERANGOON,NORTH-EAST REGION,103.862918300343,1.35173853754219
kml_399,,6,SERANGOON CENTRAL,SERANGOON,NORTH-EAST REGION,103.864933673815,1.35143910339448
kml_400,,2,MARYMOUNT,BISHAN,CENTRAL REGION,103.840058917978,1.34786607252605
kml_401,,1,UPPER THOMSON,BISHAN,CENTRAL REGION,103.839087957196,1.3489803860237
kml_402,,1,DHOBY GHAUT,MUSEUM,CENTRAL REGION,103.84474785746,1.29964924242453
kml_403,,1,TOA PAYOH WEST,TOA PAYOH,CENTRAL REGION,103.839811757154,1.33782386965986
kml_404,,1,TOA PAYOH WEST,TOA PAYOH,CENTRAL REGION,103.839406731341,1.3371053169312
kml_405,,5,XILIN,TAMPINES,EAST REGION,103.961942958325,1.33532172432127
kml_406,,5,XILIN,TAMPINES,EAST REGION,103.962075287461,1.33525294424645
kml_407,,3,WOODLANDS EAST,WOODLANDS,NORTH REGION,103.800533463672,1.44015239677285
kml_408,,3,WOODLANDS EAST,WOODLANDS,NORTH REGION,103.80136453446,1.4405333877095
kml_409,,1,ANG MO KIO TOWN CENTRE,ANG MO KIO,NORTH-EAST REGION,103.849343273282,1.36944053019854
kml_410,,12,BAYFRONT SUBZONE,DOWNTOWN CORE,CENTRAL REGION,103.858731924704,1.28096742410852
kml_411,,12,BAYFRONT SUBZONE,DOWNTOWN CORE,CENTRAL REGION,103.858441004092,1.28110463674037
kml_412,,12,BAYFRONT SUBZONE,DOWNTOWN CORE,CENTRAL REGION,103.859493846234,1.28283435404712
kml_413,,2,TAMPINES EAST,TAMPINES,EAST REGION,103.945089563271,1.35353908145928
kml_414,,1,HOUGANG CENTRAL,HOUGANG,NORTH-EAST REGION,103.891975028695,1.37214183517648
kml_415,,1,HOUGANG CENTRAL,HOUGANG,NORTH-EAST REGION,103.892445723545,1.37020857839652
kml_416,,6,KOVAN,HOUGANG,NORTH-EAST REGION,103.884721732464,1.36020562275587
kml_417,,7,LORONG AH SOO,HOUGANG,NORTH-EAST REGION,103.885450577767,1.3600280102983
kml_418,,6,KOVAN,HOUGANG,NORTH-EAST REGION,103.88430742886,1.3597075886109
kml_419,,5,GEYLANG EAST,GEYLANG,CENTRAL REGION,103.902894137743,1.31951727516229
kml_420,,5,GEYLANG EAST,GEYLANG,CENTRAL REGION,103.902582077429,1.31956254553274
kml_421,,3,KEMBANGAN,BEDOK,EAST REGION,103.912899289034,1.32115210817365
kml_422,,3,KEMBANGAN,BEDOK,EAST REGION,103.912941079632,1.32092375984857
kml_423,,5,FRANKEL,BEDOK,EAST REGION,103.929157142916,1.3235686363288
kml_424,,4,BEDOK NORTH,BEDOK,EAST REGION,103.929673090156,1.32426834293357
kml_425,,2,CHENG SAN,ANG MO KIO,NORTH-EAST REGION,103.849596100925,1.36968532180176
kml_426,,2,CHENG SAN,ANG MO KIO,NORTH-EAST REGION,103.849939000444,1.36946470675828
kml_427,,3,BISHAN EAST,BISHAN,CENTRAL REGION,103.848312255989,1.35106443962667
kml_428,,3,BISHAN EAST,BISHAN,CENTRAL REGION,103.848432923453,1.35103483795213
kml_429,,3,BISHAN EAST,BISHAN,CENTRAL REGION,103.848209281123,1.35058491170291
kml_430,,3,BRADDELL,TOA PAYOH,CENTRAL REGION,103.847440831031,1.34067216357275
kml_431,,1,TOA PAYOH WEST,TOA PAYOH,CENTRAL REGION,103.846406497141,1.34074431896057
kml_432,,1,TOA PAYOH WEST,TOA PAYOH,CENTRAL REGION,103.846429540973,1.34106899225979
kml_433,,2,PEOPLE'S PARK,OUTRAM,CENTRAL REGION,103.839374798995,1.28115042500601
kml_434,,2,PEOPLE'S PARK,OUTRAM,CENTRAL REGION,103.839417926819,1.28135722806701
kml_435,,2,PEOPLE'S PARK,OUTRAM,CENTRAL REGION,103.839789232732,1.2809932759041
kml_436,,9,SINGAPORE POLYTECHNIC,QUEENSTOWN,CENTRAL REGION,103.778304715521,1.31141543309686
kml_437,,9,SINGAPORE POLYTECHNIC,QUEENSTOWN,CENTRAL REGION,103.77846477161,1.31169319201505
kml_438,,9,JURONG WEST CENTRAL,JURONG WEST,WEST REGION,103.705650038475,1.33862950781448
kml_439,,9,JURONG WEST CENTRAL,JURONG WEST,WEST REGION,103.705353353388,1.33851412094065
kml_440,,9,JURONG WEST CENTRAL,JURONG WEST,WEST REGION,103.705795030952,1.33827322173322
kml_441,,7,BUKIT BATOK CENTRAL,BUKIT BATOK,WEST REGION,103.749936955741,1.34938958747893
kml_442,,1,JOO KOON,PIONEER,WEST REGION,103.678520709416,1.32750208435071
kml_443,,1,JOO KOON,PIONEER,WEST REGION,103.67864407705,1.32795611158311
kml_444,,3,CHOA CHU KANG CENTRAL,CHOA CHU KANG,WEST REGION,103.74422358398,1.38570539087775
kml_445,,2,TURF CLUB,SUNGEI KADUT,NORTH REGION,103.762496770655,1.42512495908287
kml_446,,6,WOODLANDS WEST,WOODLANDS,NORTH REGION,103.774410520256,1.43275137212607
kml_447,,6,WOODLANDS WEST,WOODLANDS,NORTH REGION,103.773997133474,1.43275136139061
kml_448,,1,MARITIME SQUARE,BUKIT MERAH,CENTRAL REGION,103.821580291367,1.26497195994537
kml_449,,1,MARITIME SQUARE,BUKIT MERAH,CENTRAL REGION,103.821398857388,1.26597925459037
kml_450,,1,MARITIME SQUARE,BUKIT MERAH,CENTRAL REGION,103.820468350443,1.26601318294604
kml_451,,3,CHINATOWN,OUTRAM,CENTRAL REGION,103.843797887983,1.2837127707479
kml_452,,2,CLARKE QUAY,SINGAPORE RIVER,CENTRAL REGION,103.845903432843,1.28780575305488
kml_453,,2,CLARKE QUAY,SINGAPORE RIVER,CENTRAL REGION,103.846593908878,1.28919925769258
kml_454,,6,MACKENZIE,ROCHOR,CENTRAL REGION,103.84936002991,1.30560525078687
kml_455,,1,FARRER PARK,ROCHOR,CENTRAL REGION,103.84970482287,1.30635155419562
kml_456,,1,FARRER PARK,ROCHOR,CENTRAL REGION,103.850322159847,1.30742644465301
kml_457,,7,KAMPONG JAVA,KALLANG,CENTRAL REGION,103.852974635345,1.31245360603209
kml_458,,1,FARRER PARK,ROCHOR,CENTRAL REGION,103.853266824427,1.31191067854743
kml_459,,1,FARRER PARK,ROCHOR,CENTRAL REGION,103.854772747486,1.31232690863988
kml_460,,6,LAVENDER,KALLANG,CENTRAL REGION,103.855500982741,1.31225903662177
kml_461,,6,LAVENDER,KALLANG,CENTRAL REGION,103.855806657533,1.31176587685384
kml_462,,6,LAVENDER,KALLANG,CENTRAL REGION,103.856098851954,1.31188350800742
kml_463,,1,BENDEMEER,KALLANG,CENTRAL REGION,103.860706833422,1.3179148161836
kml_464,,9,POTONG PASIR,TOA PAYOH,CENTRAL REGION,103.868966444964,1.33280135230665
kml_465,,9,CRAWFORD,KALLANG,CENTRAL REGION,103.86415174808,1.29966075966663
kml_466,,4,TYERSALL,TANGLIN,CENTRAL REGION,103.814976905905,1.32253463279625
kml_467,,4,TYERSALL,TANGLIN,CENTRAL REGION,103.807965230906,1.31749372625796
kml_468,,8,FARRER COURT,BUKIT TIMAH,CENTRAL REGION,103.807389234189,1.31755201640806
kml_469,,7,LEEDON PARK,BUKIT TIMAH,CENTRAL REGION,103.795753769754,1.31071120133351
kml_470,,7,LEEDON PARK,BUKIT TIMAH,CENTRAL REGION,103.796139102492,1.31122026541623
kml_471,,12,BAYFRONT SUBZONE,DOWNTOWN CORE,CENTRAL REGION,103.859596872547,1.28283490844595
kml_472,,12,BAYFRONT SUBZONE,DOWNTOWN CORE,CENTRAL REGION,103.859759179948,1.28270522442008
kml_473,,1,ANAK BUKIT,BUKIT TIMAH,CENTRAL REGION,103.77545067971,1.3415822146135
kml_474,,3,BISHAN EAST,BISHAN,CENTRAL REGION,103.850201082225,1.35105321965316
