X1,Street,lon,lat,group_id,min_hawker,SUBZONE_NO,SUBZONE_N,REGION_N,min_clinic,min_school,min_MRT
1,ADMIRALTY DR,103.816133509677,1.45001995806452,1,702.910778621504,3,SEMBAWANG CENTRAL,NORTH REGION,517,216,505
2,ADMIRALTY LINK,103.816218888235,1.45529083529412,2,961.330424585091,3,SEMBAWANG CENTRAL,NORTH REGION,429,181,1049
3,AH HOOD RD,103.84462655,1.32775075,3,1112.72005875528,3,SEMBAWANG CENTRAL,NORTH REGION,273,1054,1039
4,ALEXANDRA RD,103.80255,1.28724,4,239.656957821639,3,SEMBAWANG CENTRAL,NORTH REGION,159,2040,1219
5,ALJUNIED CRES,103.88436125625,1.320309675,5,298.144134612375,3,SEMBAWANG CENTRAL,NORTH REGION,234,384,739
6,ALJUNIED RD,103.88196695,1.32359405,6,387.891524742689,3,SEMBAWANG CENTRAL,NORTH REGION,837,597,748
7,ANCHORVALE DR,103.891335764706,1.39050772352941,7,775.979724681991,3,SEMBAWANG CENTRAL,NORTH REGION,191,313,547
8,ANCHORVALE LANE,103.884662816667,1.39166033333333,8,720.321357108514,3,SEMBAWANG CENTRAL,NORTH REGION,813,409,429
9,ANCHORVALE LINK,103.889232251852,1.39013878148148,9,753.73378966729,3,SEMBAWANG CENTRAL,NORTH REGION,246,207,475
10,ANCHORVALE RD,103.887080883333,1.391381375,10,631.556990961838,3,SEMBAWANG CENTRAL,NORTH REGION,487,74,349
11,ANG MO KIO AVE 1,103.845721440909,1.36404928863636,11,281.936092060598,3,SEMBAWANG CENTRAL,NORTH REGION,280,923,1231
12,ANG MO KIO AVE 10,103.855945617708,1.36810603854167,12,47.5470293376291,3,SEMBAWANG CENTRAL,NORTH REGION,112,751,831
13,ANG MO KIO AVE 2,103.83213975,1.3683887,13,563.741175846727,3,SEMBAWANG CENTRAL,NORTH REGION,567,718,2244
14,ANG MO KIO AVE 3,103.846758258108,1.36889565405405,14,366.061772576878,3,SEMBAWANG CENTRAL,NORTH REGION,151,824,338
15,ANG MO KIO AVE 4,103.837798408,1.375178262,15,175.028761423184,3,SEMBAWANG CENTRAL,NORTH REGION,129,599,1370
16,ANG MO KIO AVE 5,103.843449521212,1.37676938484848,16,534.532898927914,3,SEMBAWANG CENTRAL,NORTH REGION,749,61,818
17,ANG MO KIO AVE 6,103.844773228571,1.37537420952381,17,401.431475600975,3,SEMBAWANG CENTRAL,NORTH REGION,488,469,799
18,ANG MO KIO AVE 8,103.851080805882,1.37021442941176,18,472.427164153555,3,SEMBAWANG CENTRAL,NORTH REGION,369,259,232
19,ANG MO KIO AVE 9,103.8405506,1.38241795,19,154.735850399673,3,SEMBAWANG CENTRAL,NORTH REGION,273,334,747
20,ANG MO KIO ST 11,103.8388072,1.3717084,20,310.797646309576,3,SEMBAWANG CENTRAL,NORTH REGION,462,374,1406
21,ANG MO KIO ST 21,103.83435145,1.3699124,21,643.671095559555,3,SEMBAWANG CENTRAL,NORTH REGION,67,311,1966
22,ANG MO KIO ST 31,103.84670182,1.3647739,22,187.923198364468,4,SEMBAWANG NORTH,NORTH REGION,287,672,1041
23,ANG MO KIO ST 32,103.85091158,1.36411496,23,295.734632326463,4,SEMBAWANG NORTH,NORTH REGION,401,299,893
24,ANG MO KIO ST 52,103.851921775,1.3720417625,24,296.166922493845,4,SEMBAWANG NORTH,NORTH REGION,612,1004,740
25,BAIN ST,103.8536962,1.2967888,25,469.333728818429,4,SEMBAWANG NORTH,NORTH REGION,167,929,483
26,BALAM RD,103.886870023077,1.33037049230769,26,280.232455011736,4,SEMBAWANG NORTH,NORTH REGION,282,1376,923
27,BANGKIT RD,103.774196716667,1.37880212222222,27,231.833266937609,4,SEMBAWANG NORTH,NORTH REGION,454,823,489
28,BEACH RD,103.799,1.3033,28,316.95905238799,4,SEMBAWANG NORTH,NORTH REGION,421,558,146
29,BEDOK CTRL,103.93390452,1.32524587,29,214.76396262048,4,SEMBAWANG NORTH,NORTH REGION,309,669,641
30,BEDOK NTH AVE 1,103.927260341667,1.3308322,30,288.640646401841,4,SEMBAWANG NORTH,NORTH REGION,349,663,1075
31,BEDOK NTH AVE 2,103.930403866667,1.33007509444444,31,351.347429417852,4,SEMBAWANG NORTH,NORTH REGION,182,279,834
32,BEDOK NTH AVE 3,103.9342040375,1.32984938125,32,326.992466250304,4,SEMBAWANG NORTH,NORTH REGION,274,544,813
33,BEDOK NTH AVE 4,103.939659288889,1.33362678333333,33,208.591300435999,4,SEMBAWANG NORTH,NORTH REGION,371,192,998
34,BEDOK NTH RD,103.935444015789,1.32989553947368,34,399.145003117659,4,SEMBAWANG NORTH,NORTH REGION,240,662,924
35,BEDOK NTH ST 1,103.930602172727,1.32647713636364,35,192.267675577386,4,SEMBAWANG NORTH,NORTH REGION,101,745,427
36,BEDOK NTH ST 2,103.9370669,1.32888735625,36,389.668386971714,4,SEMBAWANG NORTH,NORTH REGION,71,624,1176
37,BEDOK NTH ST 3,103.92694643,1.33262065333333,37,251.691970307173,4,SEMBAWANG NORTH,NORTH REGION,226,687,1069
38,BEDOK NTH ST 4,103.939309771429,1.33246107142857,38,82.9053953079397,4,SEMBAWANG NORTH,NORTH REGION,69,462,1097
39,BEDOK RESERVOIR RD,103.9141066175,1.33323336416667,39,10.0797238776463,4,SEMBAWANG NORTH,NORTH REGION,86,421,577
40,BEDOK RESERVOIR VIEW,103.936608278571,1.33615436428571,40,517.906145596266,4,SEMBAWANG NORTH,NORTH REGION,630,754,449
41,BEDOK STH AVE 1,103.93314246,1.32204816,41,313.854212488899,4,SEMBAWANG NORTH,NORTH REGION,271,851,681
42,BEDOK STH AVE 2,103.937101744444,1.32227508888889,42,257.95116616467,4,SEMBAWANG NORTH,NORTH REGION,424,314,1139
43,BEDOK STH AVE 3,103.944698258824,1.31943807647059,43,658.27658649017,4,SEMBAWANG NORTH,NORTH REGION,411,246,993
44,BEDOK STH RD,103.941022280952,1.32056885238095,44,400.356000494528,4,SEMBAWANG NORTH,NORTH REGION,482,877,1150
45,BENDEMEER RD,103.8651503375,1.32025720625,45,263.375662719428,4,SEMBAWANG NORTH,NORTH REGION,255,252,541
46,BEO CRES,103.8275584,1.28868595,46,26.906936009883,4,SEMBAWANG NORTH,NORTH REGION,547,1326,626
47,BISHAN ST 11,103.853089507692,1.34583809230769,47,633.594487371867,4,SEMBAWANG NORTH,NORTH REGION,234,513,1005
48,BISHAN ST 12,103.85033265,1.34610619318182,48,788.787944402666,4,SEMBAWANG NORTH,NORTH REGION,222,298,811
49,BISHAN ST 13,103.853667226667,1.34820672666667,49,882.344177283801,1,BALESTIER,CENTRAL REGION,621,234,729
50,BISHAN ST 22,103.844195154286,1.36007309142857,50,634.693700115569,1,BALESTIER,CENTRAL REGION,280,684,1340
51,BISHAN ST 23,103.847999796774,1.35698846129032,51,787.43872252649,7,QUEENSWAY,CENTRAL REGION,239,429,881
52,BISHAN ST 24,103.843411485,1.357149825,52,909.618987894487,4,ALJUNIED,CENTRAL REGION,237,327,1282
53,BOON KENG RD,103.861075442857,1.31682502857143,53,341.841540626728,4,ALJUNIED,CENTRAL REGION,286,678,179
54,BOON LAY AVE,103.710550672727,1.34847214545455,54,437.853122880014,4,ALJUNIED,CENTRAL REGION,188,766,1522
55,BOON LAY DR,103.709756876923,1.3460517025641,55,350.814888458196,4,ALJUNIED,CENTRAL REGION,172,341,1229
56,BOON LAY PL,103.71324502,1.34795472,56,306.079976627938,4,ALJUNIED,CENTRAL REGION,354,749,1281
57,BOON TIONG RD,103.830927509091,1.28673495454545,57,199.420149512269,4,ALJUNIED,CENTRAL REGION,677,901,560
58,BRIGHT HILL DR,103.8318507,1.3582221,58,897.04418169767,4,ALJUNIED,CENTRAL REGION,548,487,1680
59,BT BATOK CTRL,103.749118619231,1.35022362692308,59,1467.73676604995,4,ALJUNIED,CENTRAL REGION,17,1035,153
60,BT BATOK EAST AVE 3,103.756237893333,1.34707424666667,60,2092.92189109063,4,ALJUNIED,CENTRAL REGION,149,218,936
61,BT BATOK EAST AVE 4,103.7588852,1.349769405,61,2224.07677788222,4,ALJUNIED,CENTRAL REGION,104,716,1286
62,BT BATOK EAST AVE 5,103.755960991304,1.34994755652174,62,2147.28172269899,4,ALJUNIED,CENTRAL REGION,328,643,999
63,BT BATOK ST 11,103.743207228571,1.34889170714286,63,853.082919694588,4,ALJUNIED,CENTRAL REGION,137,343,799
64,BT BATOK ST 21,103.751139145,1.34676327,64,1531.27841135652,4,ALJUNIED,CENTRAL REGION,167,194,655
65,BT BATOK ST 22,103.747121066667,1.3447241,65,1049.04423196953,4,ALJUNIED,CENTRAL REGION,461,760,547
66,BT BATOK ST 24,103.75625311,1.34335176,66,2055.74534741377,4,ALJUNIED,CENTRAL REGION,500,422,1391
67,BT BATOK ST 25,103.759596742857,1.34491559285714,67,1925.00753316226,4,ALJUNIED,CENTRAL REGION,139,429,1461
68,BT BATOK ST 31,103.749625783333,1.35966714,68,2226.27199077988,2,MACPHERSON,CENTRAL REGION,173,277,301
69,BT BATOK ST 32,103.747689757143,1.36173000714286,69,2303.29858646119,2,MACPHERSON,CENTRAL REGION,129,545,700
70,BT BATOK ST 33,103.747624746154,1.36228368461538,70,2353.85561006562,4,ANCHORVALE,NORTH-EAST REGION,220,390,804
71,BT BATOK ST 34,103.749838335294,1.36248051176471,71,2496.44111473828,4,ANCHORVALE,NORTH-EAST REGION,193,312,568
72,BT BATOK ST 51,103.7506086,1.3564461625,72,2026.20272997475,4,ANCHORVALE,NORTH-EAST REGION,88,561,476
73,BT BATOK ST 52,103.752908565217,1.35382230869565,73,2037.54951703483,4,ANCHORVALE,NORTH-EAST REGION,591,278,976
74,BT BATOK WEST AVE 2,103.7453330875,1.3621211625,74,2229.87703497738,4,ANCHORVALE,NORTH-EAST REGION,56,338,989
75,BT BATOK WEST AVE 4,103.74595991,1.36389369,75,2437.72968350787,4,ANCHORVALE,NORTH-EAST REGION,116,482,1105
76,BT BATOK WEST AVE 5,103.752542776923,1.36493879230769,76,2624.47796278619,4,ANCHORVALE,NORTH-EAST REGION,414,496,748
77,BT BATOK WEST AVE 6,103.745460990476,1.34894420952381,77,1049.09840708608,4,ANCHORVALE,NORTH-EAST REGION,157,786,518
78,BT BATOK WEST AVE 7,103.74515884,1.36525778,78,2548.16392471133,4,ANCHORVALE,NORTH-EAST REGION,370,659,1354
79,BT BATOK WEST AVE 8,103.741974755,1.346249545,79,560.508132296688,4,ANCHORVALE,NORTH-EAST REGION,47,473,957
80,BT MERAH CTRL,103.81565028,1.28381778,80,150.005889839189,4,ANCHORVALE,NORTH-EAST REGION,223,835,1149
81,BT MERAH LANE 1,103.803820866667,1.28600816666667,81,80.988506773152,4,ANCHORVALE,NORTH-EAST REGION,140,1183,1263
82,BT MERAH VIEW,103.823023078571,1.28496019285714,82,123.973913316005,4,ANCHORVALE,NORTH-EAST REGION,240,798,685
83,BT PANJANG RING RD,103.768395864103,1.3830703,83,757.204751042225,4,ANCHORVALE,NORTH-EAST REGION,473,391,368
84,BT PURMEI RD,103.826046893333,1.27352257333333,84,446.343715468588,4,ANCHORVALE,NORTH-EAST REGION,133,318,1454
85,BUANGKOK CRES,103.879921105882,1.38041481764706,85,647.823354964905,4,ANCHORVALE,NORTH-EAST REGION,128,601,2440
86,BUANGKOK GREEN,103.87795505,1.37986133333333,86,743.423455005708,4,ANCHORVALE,NORTH-EAST REGION,227,710,2243
87,BUANGKOK LINK,103.8809481,1.38220805,87,782.896783756852,4,ANCHORVALE,NORTH-EAST REGION,409,725,2528
88,BUANGKOK STH FARMWAY 1,103.8957448,1.3798025,88,1500.83515018937,4,ANCHORVALE,NORTH-EAST REGION,786,746,615
89,BUFFALO RD,103.91180485,1.3026302,89,561.136973597306,4,ANCHORVALE,NORTH-EAST REGION,577,356,2783
90,C'WEALTH AVE,103.91448965,1.30456205,90,195.044492774978,4,ANCHORVALE,NORTH-EAST REGION,391,433,2479
91,C'WEALTH AVE WEST,103.770734083333,1.31119985,91,350.474178805653,4,ANCHORVALE,NORTH-EAST REGION,495,796,747
92,C'WEALTH CL,103.829566075,1.3301296,92,1837.72165283326,4,ANCHORVALE,NORTH-EAST REGION,3313,1097,1306
93,C'WEALTH CRES,103.7981937,1.3066967,93,242.370331490344,4,ANCHORVALE,NORTH-EAST REGION,232,940,636
94,C'WEALTH DR,103.812142822222,1.30612093333333,94,1262.94611632179,4,ANCHORVALE,NORTH-EAST REGION,1500,3193,2200
95,CAMBRIDGE RD,103.833300871429,1.31386437142857,95,730.198886563037,4,ANCHORVALE,NORTH-EAST REGION,417,686,1083
96,CANBERRA LINK,103.82246385,1.45043855,96,135.307717726637,4,ANCHORVALE,NORTH-EAST REGION,73,483,495
97,CANBERRA RD,103.820374690323,1.44966129354839,97,230.602583685179,4,ANCHORVALE,NORTH-EAST REGION,144,629,225
98,CANTONMENT CL,103.839690522222,1.27450292222222,98,451.903149813795,4,ANCHORVALE,NORTH-EAST REGION,460,289,675
99,CANTONMENT RD,103.841255714286,1.27694335714286,99,215.79376589976,4,ANCHORVALE,NORTH-EAST REGION,228,383,416
100,CASHEW RD,103.770286566667,1.3743484,100,435.227806896714,4,ANCHORVALE,NORTH-EAST REGION,369,352,326
101,CASSIA CRES,103.8843291125,1.3097913125,101,238.763572249983,4,ANCHORVALE,NORTH-EAST REGION,43,480,571
102,CHAI CHEE AVE,103.925504866667,1.32482576666667,102,562.72154195341,4,ANCHORVALE,NORTH-EAST REGION,47,545,600
103,CHAI CHEE DR,103.919904875,1.32631,103,817.420458523387,4,ANCHORVALE,NORTH-EAST REGION,181,235,1673
104,CHAI CHEE RD,103.922416472222,1.32554471666667,104,740.64505932691,4,ANCHORVALE,NORTH-EAST REGION,149,564,968
105,CHAI CHEE ST,103.92339016,1.32865104,105,382.083995701717,4,ANCHORVALE,NORTH-EAST REGION,338,392,1348
106,CHANDER RD,103.8513808,1.307587,106,179.635442722981,4,ANCHORVALE,NORTH-EAST REGION,0,974,169
107,CHANGI VILLAGE RD,103.987390166667,1.38880493333333,107,102.647096342374,4,ANCHORVALE,NORTH-EAST REGION,3000,4569,6170
108,CHIN SWEE RD,103.8413133,1.2877167,108,162.436538761995,4,ANCHORVALE,NORTH-EAST REGION,128,625,415
109,CHOA CHU KANG AVE 1,103.749988214286,1.38145575714286,109,2540.14765115852,4,ANCHORVALE,NORTH-EAST REGION,209,399,385
110,CHOA CHU KANG AVE 2,103.743036159259,1.37827277407407,110,3278.64401036526,4,ANCHORVALE,NORTH-EAST REGION,244,195,377
111,CHOA CHU KANG AVE 3,103.740600738235,1.37978741176471,111,3557.06139210621,4,ANCHORVALE,NORTH-EAST REGION,301,378,621
112,CHOA CHU KANG AVE 4,103.738836633929,1.38157158571429,112,3770.80717413797,4,ANCHORVALE,NORTH-EAST REGION,297,40,945
113,CHOA CHU KANG AVE 5,103.737840075,1.37586234375,113,3449.15135124474,4,ANCHORVALE,NORTH-EAST REGION,441,660,1167
114,CHOA CHU KANG CRES,103.748380094737,1.40245896666667,114,3841.13972955641,4,ANCHORVALE,NORTH-EAST REGION,739,185,670
115,CHOA CHU KANG CTRL,103.7464171175,1.38158943,115,2934.87326773027,4,ANCHORVALE,NORTH-EAST REGION,407,160,442
116,CHOA CHU KANG DR,103.749897136364,1.40129816363636,116,3631.49487284281,4,ANCHORVALE,NORTH-EAST REGION,650,500,581
117,CHOA CHU KANG LOOP,103.745509285714,1.38368905714286,117,3077.12092753965,4,ANCHORVALE,NORTH-EAST REGION,338,323,253
118,CHOA CHU KANG NTH 5,103.7475225375,1.39279780625,118,3247.15498454048,4,ANCHORVALE,NORTH-EAST REGION,782,116,585
119,CHOA CHU KANG NTH 6,103.74700265,1.39613587727273,119,3499.37542784968,4,ANCHORVALE,NORTH-EAST REGION,186,425,115
120,CHOA CHU KANG NTH 7,103.7468832,1.400365,120,3802.20500340772,4,ANCHORVALE,NORTH-EAST REGION,502,445,432
121,CHOA CHU KANG ST 51,103.742119171429,1.39033440357143,121,3661.41115551255,4,ANCHORVALE,NORTH-EAST REGION,192,588,916
122,CHOA CHU KANG ST 52,103.748216624,1.395672808,122,3360.09348168246,4,ANCHORVALE,NORTH-EAST REGION,297,321,226
123,CHOA CHU KANG ST 53,103.746240975,1.391074375,123,3279.13927847494,4,ANCHORVALE,NORTH-EAST REGION,640,414,838
124,CHOA CHU KANG ST 54,103.74986124,1.39433076,124,3124.71711696261,4,ANCHORVALE,NORTH-EAST REGION,770,415,730
125,CHOA CHU KANG ST 62,103.744804538095,1.39898995714286,125,3884.11659042062,4,ANCHORVALE,NORTH-EAST REGION,343,380,417
126,CHOA CHU KANG ST 64,103.749123516667,1.3981207,126,3451.11913959999,4,ANCHORVALE,NORTH-EAST REGION,268,384,259
127,CIRCUIT RD,103.873541132432,1.3209011027027,127,398.462653154908,4,ANCHORVALE,NORTH-EAST REGION,566,1214,351
128,CLARENCE LANE,103.8148382,1.29260304,128,657.755447974661,4,ANCHORVALE,NORTH-EAST REGION,440,297,533
129,CLEMENTI AVE 1,103.769260761538,1.30950038461538,129,566.063703342056,4,ANCHORVALE,NORTH-EAST REGION,504,814,1066
130,CLEMENTI AVE 2,103.769363688889,1.31429190740741,130,164.150881205952,4,ANCHORVALE,NORTH-EAST REGION,279,427,583
131,CLEMENTI AVE 3,103.764621778571,1.31298731071429,131,33.0941355427167,4,ANCHORVALE,NORTH-EAST REGION,205,452,413
132,CLEMENTI AVE 4,103.766031119231,1.31978486538462,132,740.542922824998,4,ANCHORVALE,NORTH-EAST REGION,297,565,573
133,CLEMENTI AVE 5,103.768297940909,1.31713775454545,133,416.710997390594,4,ANCHORVALE,NORTH-EAST REGION,620,744,963
134,CLEMENTI AVE 6,103.762619366667,1.32086951666667,134,866.822881940361,4,ANCHORVALE,NORTH-EAST REGION,584,832,789
135,CLEMENTI ST 11,103.7705903,1.3222301,135,869.813695451663,4,ANCHORVALE,NORTH-EAST REGION,0,1412,1429
136,CLEMENTI ST 12,103.7698766,1.322682,136,925.538918380597,4,ANCHORVALE,NORTH-EAST REGION,101,1512,1529
137,CLEMENTI ST 13,103.771174633333,1.32383247777778,137,1047.23936159686,4,ANCHORVALE,NORTH-EAST REGION,275,1678,1696
138,CLEMENTI ST 14,103.769061925,1.32249995,138,920.657587431134,4,ANCHORVALE,NORTH-EAST REGION,230,1557,1574
139,CLEMENTI WEST ST 1,103.767387484615,1.30461732307692,139,359.634232069012,4,ANCHORVALE,NORTH-EAST REGION,315,983,1769
140,CLEMENTI WEST ST 2,103.768078427273,1.30506965909091,140,447.710428172226,4,ANCHORVALE,NORTH-EAST REGION,370,925,1711
141,COMPASSVALE BOW,103.896460763636,1.38188538181818,141,1661.64673336767,4,ANCHORVALE,NORTH-EAST REGION,634,375,383
142,COMPASSVALE CRES,103.898745211111,1.39721306666667,142,1141.7892836156,4,ANCHORVALE,NORTH-EAST REGION,459,204,447
143,COMPASSVALE DR,103.896805770588,1.38749024117647,143,1393.69380795409,4,ANCHORVALE,NORTH-EAST REGION,292,235,559
144,COMPASSVALE LANE,103.898465392,1.385231568,144,1703.30371809228,5,SHANGRI-LA,NORTH-EAST REGION,304,239,297
145,COMPASSVALE LINK,103.895390276,1.38334566,145,1635.35330221173,5,SHANGRI-LA,NORTH-EAST REGION,478,100,452
146,COMPASSVALE RD,103.897563629167,1.39184012083333,146,1155.2160359909,5,SHANGRI-LA,NORTH-EAST REGION,369,421,300
147,COMPASSVALE ST,103.899434688462,1.3950606,147,1235.16488961533,5,SHANGRI-LA,NORTH-EAST REGION,168,216,157
148,COMPASSVALE WALK,103.899210746667,1.38908208333333,148,1474.29694952864,5,SHANGRI-LA,NORTH-EAST REGION,636,67,600
149,CORPORATION DR,103.71948,1.337318,149,377.58595344661,5,SHANGRI-LA,NORTH-EAST REGION,420,324,1063
150,CRAWFORD LANE,103.861559775,1.3049718,150,273.882973195238,5,SHANGRI-LA,NORTH-EAST REGION,286,742,458
151,DAKOTA CRES,103.8887069,1.307516925,151,329.969471829461,5,SHANGRI-LA,NORTH-EAST REGION,583,301,144
152,DELTA AVE,103.84383754,1.42569188,152,125.756976512163,5,SHANGRI-LA,NORTH-EAST REGION,431,536,1268
153,DEPOT RD,103.822111622222,1.29362683888889,153,759.785739749838,5,SHANGRI-LA,NORTH-EAST REGION,978,1182,1254
154,DORSET RD,103.799,1.3033,154,316.95905238799,5,SHANGRI-LA,NORTH-EAST REGION,421,558,146
155,DOVER CL EAST,103.785639566667,1.30539266666667,155,683.432984163603,5,SHANGRI-LA,NORTH-EAST REGION,907,486,1042
156,DOVER CRES,103.782746913333,1.30635466666667,156,797.417077447798,5,SHANGRI-LA,NORTH-EAST REGION,933,1133,926
157,DOVER RD,103.83471425,1.3135015,157,568.164796233798,5,SHANGRI-LA,NORTH-EAST REGION,473,716,1139
158,EAST COAST RD,103.923179,1.31182773333333,158,1062.67647755778,5,SHANGRI-LA,NORTH-EAST REGION,18,1162,2030
159,EDGEDALE PLAINS,103.9108813125,1.39469710833333,159,1638.03177290179,4,TOWNSVILLE,NORTH-EAST REGION,855,346,337
160,EDGEFIELD PLAINS,103.907662233333,1.39826146944444,160,1142.94396713395,4,TOWNSVILLE,NORTH-EAST REGION,251,367,187
161,ELIAS RD,103.94257336,1.37617241333333,161,1043.12708907564,4,TOWNSVILLE,NORTH-EAST REGION,548,698,1068
162,EMPRESS RD,103.8052796,1.3163339,162,40.8862764170712,4,TOWNSVILLE,NORTH-EAST REGION,0,836,374
163,EUNOS CRES,103.90268945,1.32278179090909,163,322.45406480449,4,TOWNSVILLE,NORTH-EAST REGION,72,452,426
164,EUNOS RD 5,103.8984831375,1.3182649375,164,172.354407527246,4,TOWNSVILLE,NORTH-EAST REGION,177,1208,577
165,EVERTON PK,103.839331528571,1.27712935714286,165,430.634611281795,4,ALJUNIED,CENTRAL REGION,40,496,328
166,FAJAR RD,103.769440239286,1.383416425,166,727.136980842648,4,TOWNSVILLE,NORTH-EAST REGION,304,395,199
167,FARRER PK RD,103.851765825,1.31186435,167,504.984442893731,4,TOWNSVILLE,NORTH-EAST REGION,715,205,214
168,FARRER RD,103.8031589,1.30987995,168,453.839143358375,4,TOWNSVILLE,NORTH-EAST REGION,843,943,1042
169,FERNVALE LANE,103.873359488889,1.38870053333333,169,521.425914417539,4,TOWNSVILLE,NORTH-EAST REGION,740,256,706
170,FERNVALE LINK,103.8784178625,1.39182745,170,153.280010280912,4,TOWNSVILLE,NORTH-EAST REGION,1490,259,243
171,FERNVALE RD,103.875727278788,1.39099857878788,171,162.244860818298,4,TOWNSVILLE,NORTH-EAST REGION,1192,272,167
172,FRENCH RD,103.82953875,1.30538245,172,1327.6504670851,4,TOWNSVILLE,NORTH-EAST REGION,8,1263,334
173,GANGSA RD,103.766556511538,1.37750182307692,173,660.367535287629,4,TOWNSVILLE,NORTH-EAST REGION,205,353,125
174,GEYLANG BAHRU,103.869477122222,1.32299532222222,174,179.387951645527,4,TOWNSVILLE,NORTH-EAST REGION,171,683,346
175,GEYLANG EAST AVE 1,103.88675521,1.31730037,175,371.358669576216,4,TOWNSVILLE,NORTH-EAST REGION,249,634,528
176,GEYLANG EAST AVE 2,103.8881673,1.3168154,176,442.668708100614,4,TOWNSVILLE,NORTH-EAST REGION,194,787,468
177,GEYLANG EAST CTRL,103.885084633333,1.31800226666667,177,363.249887374716,4,TOWNSVILLE,NORTH-EAST REGION,249,311,489
178,GEYLANG SERAI,103.8980509,1.31738743333333,178,75.4118630294936,4,TOWNSVILLE,NORTH-EAST REGION,270,1125,692
179,GHIM MOH LINK,103.78554864,1.30874782,179,388.465519528743,4,TOWNSVILLE,NORTH-EAST REGION,599,840,798
180,GHIM MOH RD,103.7882237875,1.3111498375,180,16.997567498063,4,TOWNSVILLE,NORTH-EAST REGION,150,1044,722
181,GLOUCESTER RD,103.799,1.3033,181,316.95905238799,4,TOWNSVILLE,NORTH-EAST REGION,421,558,146
182,HAIG RD,103.835905738462,1.30978133846154,182,469.173090404159,4,TOWNSVILLE,NORTH-EAST REGION,1175,843,444
183,HAVELOCK RD,103.8295368,1.28942023333333,183,160.071713975329,4,TOWNSVILLE,NORTH-EAST REGION,298,984,954
184,HENDERSON CRES,103.821863833333,1.29003678333333,184,454.332358837475,4,TOWNSVILLE,NORTH-EAST REGION,520,456,737
185,HENDERSON RD,103.9156225,1.3040803,185,188.049244855058,4,TOWNSVILLE,NORTH-EAST REGION,347,391,2383
186,HILLVIEW AVE,103.90399248,1.30764638,186,310.467305579415,4,TOWNSVILLE,NORTH-EAST REGION,158,602,1866
187,HO CHING RD,103.72403635,1.33431165,187,281.736968575969,4,TOWNSVILLE,NORTH-EAST REGION,410,594,1494
188,HOLLAND AVE,103.81399355,1.34459665,188,2262.71100919724,3,CHONG BOON,NORTH-EAST REGION,9001,9577,9021
189,HOLLAND CL,103.805689477778,1.3086711,189,624.586439444481,3,CHONG BOON,NORTH-EAST REGION,1382,1445,1452
190,HOLLAND DR,103.840352763158,1.31621154210526,190,485.619875137245,3,CHONG BOON,NORTH-EAST REGION,403,1289,600
191,HOUGANG AVE 1,103.88769874,1.352320915,191,313.703264506115,3,CHONG BOON,NORTH-EAST REGION,350,367,1485
192,HOUGANG AVE 10,103.894087147727,1.37481690227273,192,1238.16262176451,3,CHONG BOON,NORTH-EAST REGION,553,540,792
193,HOUGANG AVE 2,103.88872645,1.366075625,193,827.782185638177,3,CHONG BOON,NORTH-EAST REGION,405,760,960
194,HOUGANG AVE 3,103.891892990909,1.36228883181818,194,745.785096749442,3,CHONG BOON,NORTH-EAST REGION,306,760,1093
195,HOUGANG AVE 4,103.885416285,1.37408258,195,309.50886569599,3,CHONG BOON,NORTH-EAST REGION,254,729,1108
196,HOUGANG AVE 5,103.896044103226,1.36758199032258,196,1459.67649108599,3,CHONG BOON,NORTH-EAST REGION,137,472,766
197,HOUGANG AVE 6,103.89188606,1.374784712,197,993.913827397272,3,CHONG BOON,NORTH-EAST REGION,251,381,328
198,HOUGANG AVE 7,103.898589605882,1.37033864705882,198,1826.28250860672,3,CHONG BOON,NORTH-EAST REGION,375,493,1167
199,HOUGANG AVE 8,103.885744616832,1.37299306831683,199,409.07907156795,3,CHONG BOON,NORTH-EAST REGION,91,895,934
200,HOUGANG AVE 9,103.879484678947,1.37683366842105,200,418.643967089562,3,CHONG BOON,NORTH-EAST REGION,179,204,1939
201,HOUGANG CTRL,103.891947570588,1.37046107647059,201,1139.37176231161,3,CHONG BOON,NORTH-EAST REGION,882,756,18
202,HOUGANG ST 11,103.8796264625,1.35230475,202,1033.14671382705,3,CHONG BOON,NORTH-EAST REGION,506,727,842
203,HOUGANG ST 21,103.88636872,1.35776761,203,155.684580972394,3,CHONG BOON,NORTH-EAST REGION,380,568,672
204,HOUGANG ST 22,103.8914943875,1.3574453625,204,428.837059778229,3,CHONG BOON,NORTH-EAST REGION,658,332,1029
205,HOUGANG ST 31,103.889814266667,1.3632223,205,622.999683927676,3,CHONG BOON,NORTH-EAST REGION,361,841,810
206,HOUGANG ST 51,103.889361776667,1.37914567,206,820.742402453292,3,CHONG BOON,NORTH-EAST REGION,501,709,894
207,HOUGANG ST 52,103.8893506,1.376792125,207,725.032964698082,3,CHONG BOON,NORTH-EAST REGION,270,528,1012
208,HOUGANG ST 61,103.8866465875,1.37600563125,208,413.218078524856,3,CHONG BOON,NORTH-EAST REGION,512,486,1042
209,HOUGANG ST 91,103.881301036667,1.37721564,209,271.770944909378,3,CHONG BOON,NORTH-EAST REGION,308,50,1725
210,HOUGANG ST 92,103.880120163636,1.37413451818182,210,348.766280395505,3,CHONG BOON,NORTH-EAST REGION,366,780,1805
211,HOY FATT RD,103.810864066667,1.2872365,211,306.113488710602,3,CHONG BOON,NORTH-EAST REGION,375,778,922
212,HU CHING RD,103.7248064,1.3282745,212,788.260200975078,3,CHONG BOON,NORTH-EAST REGION,654,319,2404
213,INDUS RD,103.8273304,1.2911636,213,258.929001653855,3,CHONG BOON,NORTH-EAST REGION,48,754,991
214,JELAPANG RD,103.766144071795,1.38582542307692,214,1151.43992681479,3,CHONG BOON,NORTH-EAST REGION,192,359,304
215,JELEBU RD,103.76285266,1.37964144,215,1095.95595078171,3,CHONG BOON,NORTH-EAST REGION,307,718,201
216,JELLICOE RD,103.8616183,1.3071169,216,293.782500518915,3,CHONG BOON,NORTH-EAST REGION,175,779,186
217,JLN BAHAGIA,103.857221608,1.327117988,217,516.623073544417,3,CHONG BOON,NORTH-EAST REGION,359,955,1217
218,JLN BATU,103.88350246,1.30225734,218,51.9251489954195,3,CHONG BOON,NORTH-EAST REGION,102,799,650
219,JLN BERSEH,103.857566,1.3063,219,139.339418509256,3,CHONG BOON,NORTH-EAST REGION,98,395,400
220,JLN BT HO SWEE,103.8301538875,1.28768215,220,67.024816409925,3,CHONG BOON,NORTH-EAST REGION,513,864,523
221,JLN BT MERAH,103.822146475,1.28106191428571,221,445.936668459644,3,CHONG BOON,NORTH-EAST REGION,325,954,1075
222,JLN DAMAI,103.908504141667,1.33366385833333,222,620.144644607314,3,CHONG BOON,NORTH-EAST REGION,197,661,226
223,JLN DUA,103.8877113,1.30880865,223,217.901386676529,3,CHONG BOON,NORTH-EAST REGION,471,235,328
224,JLN DUSUN,103.844527733333,1.32833303333333,224,1078.73570194591,3,CHONG BOON,NORTH-EAST REGION,432,877,862
225,JLN KAYU,103.873186925,1.3922313,225,436.827613922497,3,CHONG BOON,NORTH-EAST REGION,1082,371,462
226,JLN KLINIK,103.828471125,1.28802925,226,128.758272088411,3,CHONG BOON,NORTH-EAST REGION,389,823,466
227,JLN KUKOH,103.839028566667,1.28734573333333,227,141.407989223776,3,CHONG BOON,NORTH-EAST REGION,35,445,870
228,JLN MA'MOR,103.85722757,1.32834809,228,641.32063069924,3,CHONG BOON,NORTH-EAST REGION,818,1029,1390
229,JLN MEMBINA,103.825763635294,1.28337468823529,229,373.657900832222,3,CHONG BOON,NORTH-EAST REGION,492,271,392
230,JLN MEMBINA BARAT,103.8266828,1.2834914,230,392.66331542929,3,CHONG BOON,NORTH-EAST REGION,353,265,292
231,JLN PASAR BARU,103.88246,1.31453,231,440.908045888472,3,CHONG BOON,NORTH-EAST REGION,348,639,305
232,JLN RAJAH,103.85348715,1.3282241375,232,534.94418354494,3,CHONG BOON,NORTH-EAST REGION,431,1265,1145
233,JLN RUMAH TINGGI,103.809148644444,1.28870337777778,233,224.441208392131,3,CHONG BOON,NORTH-EAST REGION,428,748,1279
234,JLN TECK WHYE,103.756986369231,1.37970670769231,234,1740.96216071652,3,CHONG BOON,NORTH-EAST REGION,221,405,280
235,JLN TENAGA,103.9067667,1.33290168125,235,811.488693949285,3,CHONG BOON,NORTH-EAST REGION,174,773,482
236,JLN TENTERAM,103.85927004,1.3279981,236,723.832596723142,3,CHONG BOON,NORTH-EAST REGION,617,882,1242
237,JLN TIGA,103.88491298,1.30844156,237,104.546555501286,3,CHONG BOON,NORTH-EAST REGION,180,345,449
238,JOO CHIAT RD,103.89874555,1.31535815,238,162.214063776709,3,CHONG BOON,NORTH-EAST REGION,260,834,955
239,JOO SENG RD,103.880211684615,1.33542986153846,239,1024.69786697057,3,CHONG BOON,NORTH-EAST REGION,283,704,1530
240,JURONG EAST AVE 1,103.731037906667,1.34965124666667,240,483.535239616927,3,CHONG BOON,NORTH-EAST REGION,81,408,996
241,JURONG EAST ST 13,103.736687775,1.33815275,241,597.399678598289,3,CHONG BOON,NORTH-EAST REGION,237,291,716
242,JURONG EAST ST 21,103.740006647273,1.33982477272727,242,470.457413251212,3,CHONG BOON,NORTH-EAST REGION,638,567,1478
243,JURONG EAST ST 24,103.740279668182,1.34305972272727,243,281.246163329166,3,CHONG BOON,NORTH-EAST REGION,175,73,1037
244,JURONG EAST ST 31,103.737445638889,1.34634300555556,244,322.930547177472,3,CHONG BOON,NORTH-EAST REGION,328,879,881
245,JURONG EAST ST 32,103.733853616667,1.34662661666667,245,291.810517658699,3,CHONG BOON,NORTH-EAST REGION,386,286,798
246,JURONG WEST AVE 1,103.722562402941,1.35077060882353,246,474.63154822383,3,CHONG BOON,NORTH-EAST REGION,86,379,1255
247,JURONG WEST AVE 3,103.703692128571,1.35210645714286,247,1267.53782705923,3,CHONG BOON,NORTH-EAST REGION,239,403,1941
248,JURONG WEST AVE 5,103.69765534,1.34513014,248,428.885265245813,3,CHONG BOON,NORTH-EAST REGION,44,240,1100
249,JURONG WEST CTRL 1,103.70567775,1.34305681428571,249,828.011556696255,3,CHONG BOON,NORTH-EAST REGION,344,546,789
250,JURONG WEST ST 24,103.704649675,1.35058885,250,1083.83492844458,3,CHONG BOON,NORTH-EAST REGION,487,607,1753
251,JURONG WEST ST 25,103.703338555556,1.35305725555556,251,1363.4736285412,2,CHENG SAN,NORTH-EAST REGION,79,240,2108
252,JURONG WEST ST 41,103.722990953125,1.3489512375,252,511.372286341464,2,CHENG SAN,NORTH-EAST REGION,212,631,968
253,JURONG WEST ST 42,103.720929083333,1.35274202592593,253,440.173110352033,2,CHENG SAN,NORTH-EAST REGION,341,284,1403
254,JURONG WEST ST 51,103.719092,1.3498337,254,74.7801811896609,2,CHENG SAN,NORTH-EAST REGION,23,444,976
255,JURONG WEST ST 52,103.71786099697,1.34736483939394,255,260.146900006378,2,CHENG SAN,NORTH-EAST REGION,175,233,640
256,JURONG WEST ST 61,103.697611985,1.33816894,256,342.543071344893,2,CHENG SAN,NORTH-EAST REGION,823,198,80
257,JURONG WEST ST 62,103.700237116667,1.33919341666667,257,389.354787238765,2,CHENG SAN,NORTH-EAST REGION,849,453,573
258,JURONG WEST ST 64,103.703820986047,1.34122629534884,258,714.124379526453,2,CHENG SAN,NORTH-EAST REGION,454,344,473
259,JURONG WEST ST 65,103.700804698113,1.34062349245283,259,384.91704322992,2,CHENG SAN,NORTH-EAST REGION,779,470,678
260,JURONG WEST ST 71,103.695654105556,1.34261180555556,260,245.539065238611,2,CHENG SAN,NORTH-EAST REGION,375,579,722
261,JURONG WEST ST 72,103.6984729,1.34580353333333,261,516.318329593945,2,CHENG SAN,NORTH-EAST REGION,127,313,1217
262,JURONG WEST ST 73,103.698998607692,1.3470217076923101,262,661.379888801306,2,CHENG SAN,NORTH-EAST REGION,331,239,1421
263,JURONG WEST ST 74,103.699763907692,1.34946886153846,263,944.95124945834,2,CHENG SAN,NORTH-EAST REGION,419,395,1745
264,JURONG WEST ST 75,103.701187925,1.34633615,264,701.712437348974,2,CHENG SAN,NORTH-EAST REGION,505,383,1198
265,JURONG WEST ST 81,103.69435220678,1.34614717966102,265,638.308370510617,2,CHENG SAN,NORTH-EAST REGION,404,670,1214
266,JURONG WEST ST 91,103.688457202632,1.34217013684211,266,1000.78923085736,2,CHENG SAN,NORTH-EAST REGION,322,164,1315
267,JURONG WEST ST 92,103.689488315385,1.34057837692308,267,884.176767305766,2,CHENG SAN,NORTH-EAST REGION,282,297,1223
268,JURONG WEST ST 93,103.69462535,1.33762269615385,268,507.325203689371,2,CHENG SAN,NORTH-EAST REGION,676,581,305
269,KALLANG BAHRU,103.86881104,1.32071566,269,156.378047805036,2,CHENG SAN,NORTH-EAST REGION,74,484,448
270,KANG CHING RD,103.721474825,1.3391696375,270,506.489468454681,2,CHENG SAN,NORTH-EAST REGION,772,405,641
271,KELANTAN RD,103.856955033333,1.30583146666667,271,166.800346434147,2,CHENG SAN,NORTH-EAST REGION,63,373,316
272,KENT RD,103.799,1.3033,272,316.95905238799,2,CHENG SAN,NORTH-EAST REGION,421,558,146
273,KG ARANG RD,103.8839736,1.3005106,273,211.03250353025,2,CHENG SAN,NORTH-EAST REGION,342,758,891
274,KG BAHRU HILL,103.83641658,1.27708658,274,753.077581629201,2,CHENG SAN,NORTH-EAST REGION,437,881,368
275,KG KAYU RD,103.883815,1.3036012,275,131.487127701643,2,CHENG SAN,NORTH-EAST REGION,172,776,477
276,KIM CHENG ST,103.8317521,1.284646425,276,82.4417284828025,2,CHENG SAN,NORTH-EAST REGION,322,1125,659
277,KIM KEAT AVE,103.8580406,1.33192806666667,277,381.998961140957,2,CHENG SAN,NORTH-EAST REGION,112,226,1439
278,KIM KEAT LINK,103.856344641667,1.33097161666667,278,477.274340381521,2,CHENG SAN,NORTH-EAST REGION,250,495,1255
279,KIM PONG RD,103.8303451,1.2846346,279,228.566073231968,2,CHENG SAN,NORTH-EAST REGION,601,808,492
280,KIM TIAN PL,103.827816216667,1.28307351666667,280,394.208198519824,2,CHENG SAN,NORTH-EAST REGION,513,591,618
281,KIM TIAN RD,103.828761376471,1.28193884117647,281,373.191803516259,2,CHENG SAN,NORTH-EAST REGION,280,934,829
282,KING GEORGE'S AVE,103.860960925,1.30856065,282,449.299869339976,2,CHENG SAN,NORTH-EAST REGION,158,909,272
283,KLANG LANE,103.85254855,1.308887925,283,371.983450721077,2,CHENG SAN,NORTH-EAST REGION,249,838,459
284,KRETA AYER RD,103.8422758,1.2815328,284,126.903431963439,5,SHANGRI-LA,NORTH-EAST REGION,134,1295,559
285,LENGKOK BAHRU,103.812798641667,1.28795763333333,285,531.546623381159,5,SHANGRI-LA,NORTH-EAST REGION,301,861,710
286,LENGKONG TIGA,103.9108562625,1.32447484375,286,865.234382987069,6,KEBUN BAHRU,NORTH-EAST REGION,170,996,478
287,LIM CHU KANG RD,103.7043905,1.42149995,287,8098.21394477826,6,KEBUN BAHRU,NORTH-EAST REGION,13304,12303,12922
288,LIM LIAK ST,103.831320477778,1.2853743,288,118.732415966822,6,KEBUN BAHRU,NORTH-EAST REGION,346,852,535
289,LOMPANG RD,103.765466385714,1.37989782857143,289,821.837957423886,6,KEBUN BAHRU,NORTH-EAST REGION,272,684,376
290,LOR 1 TOA PAYOH,103.845668485714,1.3364809452381,290,206.476202967887,6,KEBUN BAHRU,NORTH-EAST REGION,308,538,488
291,LOR 1A TOA PAYOH,103.84474522,1.33649096,291,177.117076089899,6,KEBUN BAHRU,NORTH-EAST REGION,570,662,612
292,LOR 2 TOA PAYOH,103.846351207692,1.33649606923077,292,252.301001595462,6,KEBUN BAHRU,NORTH-EAST REGION,235,413,459
293,LOR 3 GEYLANG,103.87392995,1.311897425,293,431.166212742536,6,KEBUN BAHRU,NORTH-EAST REGION,407,1615,327
294,LOR 3 TOA PAYOH,103.848209833333,1.3385185,294,145.163026974259,6,KEBUN BAHRU,NORTH-EAST REGION,276,222,402
295,LOR 4 TOA PAYOH,103.850075848148,1.33570664814815,295,249.446010420601,6,KEBUN BAHRU,NORTH-EAST REGION,270,487,662
296,LOR 5 TOA PAYOH,103.853199185,1.33603008,296,28.6876446015758,6,KEBUN BAHRU,NORTH-EAST REGION,205,700,1014
297,LOR 6 TOA PAYOH,103.852994733333,1.33764473333333,297,177.672100012548,6,KEBUN BAHRU,NORTH-EAST REGION,95,541,853
298,LOR 7 TOA PAYOH,103.856853138889,1.33729321111111,298,228.88456545915,6,KEBUN BAHRU,NORTH-EAST REGION,78,520,1338
299,LOR 8 TOA PAYOH,103.856782704167,1.34029724166667,299,265.725222070688,6,KEBUN BAHRU,NORTH-EAST REGION,297,260,1273
300,LOR AH SOO,103.885354188889,1.35143105,300,589.513054690998,6,KEBUN BAHRU,NORTH-EAST REGION,360,85,1531
301,LOR LEW LIAN,103.87641455,1.34994035,301,1220.57399993395,6,KEBUN BAHRU,NORTH-EAST REGION,110,713,318
302,LOR LIMAU,103.85444305,1.3251208,302,192.451306757309,5,SHANGRI-LA,NORTH-EAST REGION,463,995,1364
303,LOWER DELTA RD,103.8258722,1.28892105,303,165.720419684264,5,SHANGRI-LA,NORTH-EAST REGION,310,698,505
304,MACPHERSON LANE,103.885807666667,1.33206053333333,304,488.280732596763,5,SHANGRI-LA,NORTH-EAST REGION,66,1340,577
305,MARGARET DR,103.844731,1.365781,305,433.675450850995,5,SHANGRI-LA,NORTH-EAST REGION,70,608,931
306,MARINE CRES,103.912513635714,1.30401298571429,306,410.676182171324,5,SHANGRI-LA,NORTH-EAST REGION,326,200,2550
307,MARINE DR,103.8218933375,1.3122449875,307,1571.00488900695,5,SHANGRI-LA,NORTH-EAST REGION,1685,1568,1443
308,MARINE PARADE CTRL,103.9078286,1.3022961,308,165.836270839351,5,SHANGRI-LA,NORTH-EAST REGION,123,788,2456
309,MARINE TER,103.908733257143,1.31008796666667,309,772.409830167445,5,SHANGRI-LA,NORTH-EAST REGION,502,793,1847
310,MARSILING CRES,103.772814475,1.446503675,310,567.958128751827,5,SHANGRI-LA,NORTH-EAST REGION,169,1086,1929
311,MARSILING DR,103.774312340625,1.44256798125,311,352.98577157543,5,SHANGRI-LA,NORTH-EAST REGION,380,526,1586
312,MARSILING LANE,103.776663330769,1.44316353076923,312,99.5855825477705,5,SHANGRI-LA,NORTH-EAST REGION,181,606,1763
313,MARSILING RD,103.77725749,1.43756893,313,526.96354198724,5,SHANGRI-LA,NORTH-EAST REGION,175,244,1488
314,MARSILING RISE,103.7795904,1.438447505,314,543.205291453979,5,SHANGRI-LA,NORTH-EAST REGION,145,462,856
315,MCNAIR RD,103.865812630769,1.31749765384615,315,364.199019500143,5,SHANGRI-LA,NORTH-EAST REGION,595,860,697
316,MEI LING ST,103.80378658,1.29352169333333,316,103.181568470913,5,SHANGRI-LA,NORTH-EAST REGION,231,1720,658
317,MOH GUAN TER,103.830965666667,1.2844377,317,169.908840588539,5,SHANGRI-LA,NORTH-EAST REGION,526,924,608
318,MONTREAL DR,103.82468754,1.45041054,318,286.839577407559,5,SHANGRI-LA,NORTH-EAST REGION,340,631,679
319,MOULMEIN RD,103.8505412,1.3189498,319,310.490876830649,4,TOWNSVILLE,NORTH-EAST REGION,254,672,892
320,NEW MKT RD,103.8607352,1.3234736,320,535.039631731489,4,TOWNSVILLE,NORTH-EAST REGION,0,139,525
321,NEW UPP CHANGI RD,103.932547154167,1.32326385416667,321,274.744862607443,4,TOWNSVILLE,NORTH-EAST REGION,155,794,498
322,NILE RD,103.83004,1.28882,322,104.093585266708,4,TOWNSVILLE,NORTH-EAST REGION,204,987,646
323,NTH BRIDGE RD,103.8629882,1.30498036666667,323,132.777435170893,4,TOWNSVILLE,NORTH-EAST REGION,57,909,329
324,OLD AIRPORT RD,103.88762065,1.30848,324,200.521910625328,4,TOWNSVILLE,NORTH-EAST REGION,493,169,187
325,OUTRAM HILL,103.8364336,1.2842329,325,464.340550934676,4,TOWNSVILLE,NORTH-EAST REGION,597,436,526
326,OUTRAM PK,103.83822205,1.28293665,326,535.440240710381,4,TOWNSVILLE,NORTH-EAST REGION,623,710,169
327,OWEN RD,103.85061085,1.3153826,327,96.0771793905771,4,TOWNSVILLE,NORTH-EAST REGION,102,544,506
328,PANDAN GDNS,103.7484531125,1.3196163125,328,633.755098505288,4,TOWNSVILLE,NORTH-EAST REGION,737,549,1974
329,PASIR RIS DR 1,103.944669442857,1.3742277428571401,329,769.964749024775,4,TOWNSVILLE,NORTH-EAST REGION,907,246,695
330,PASIR RIS DR 10,103.9379334625,1.37951572083333,330,1657.15674606641,4,TOWNSVILLE,NORTH-EAST REGION,190,544,1899
331,PASIR RIS DR 3,103.940597925,1.3789687625,331,1363.15715196679,4,TOWNSVILLE,NORTH-EAST REGION,345,638,1521
332,PASIR RIS DR 4,103.959918528571,1.3732288,332,932.368328980001,4,TOWNSVILLE,NORTH-EAST REGION,693,84,1713
333,PASIR RIS DR 6,103.956282619149,1.3722016787234,333,544.779751920348,4,TOWNSVILLE,NORTH-EAST REGION,366,247,1291
334,PASIR RIS ST 11,103.9572126,1.36569469347826,334,1063.24133577037,4,TOWNSVILLE,NORTH-EAST REGION,550,328,1904
335,PASIR RIS ST 12,103.958879675,1.36673275,335,1102.60280951706,4,TOWNSVILLE,NORTH-EAST REGION,235,401,2013
336,PASIR RIS ST 13,103.962484813333,1.36344726,336,1643.85275732886,4,TOWNSVILLE,NORTH-EAST REGION,151,467,1347
337,PASIR RIS ST 21,103.962488068852,1.36917880163934,337,1305.77688761865,4,TOWNSVILLE,NORTH-EAST REGION,311,433,1976
338,PASIR RIS ST 41,103.9582918,1.37306355,338,752.173539870497,4,TOWNSVILLE,NORTH-EAST REGION,463,514,1447
339,PASIR RIS ST 51,103.951448690625,1.368413596875,339,555.246546766929,3,CHONG BOON,NORTH-EAST REGION,803,519,727
340,PASIR RIS ST 52,103.944459177273,1.37531607272727,340,815.349961921023,3,CHONG BOON,NORTH-EAST REGION,781,562,932
341,PASIR RIS ST 53,103.946685588235,1.37442158235294,341,551.491821696211,3,CHONG BOON,NORTH-EAST REGION,527,188,390
342,PASIR RIS ST 71,103.935489374419,1.37641336744186,342,1816.69547153609,3,CHONG BOON,NORTH-EAST REGION,279,23,2076
343,PASIR RIS ST 72,103.9369176375,1.3820225,343,1884.41582474052,3,CHONG BOON,NORTH-EAST REGION,760,950,2042
344,PAYA LEBAR WAY,103.884523514286,1.3226861,344,132.891223956945,3,CHONG BOON,NORTH-EAST REGION,237,1044,706
345,PENDING RD,103.770780464516,1.37656052580645,345,222.266154956861,3,CHONG BOON,NORTH-EAST REGION,363,692,174
346,PETIR RD,103.771588119444,1.37487882777778,346,317.233386336862,3,CHONG BOON,NORTH-EAST REGION,469,434,205
347,PINE CL,103.8827230625,1.30818805,347,179.417693292514,3,CHONG BOON,NORTH-EAST REGION,325,571,243
348,PIPIT RD,103.887715483333,1.32380515,348,255.332340043888,2,CHENG SAN,NORTH-EAST REGION,193,1345,295
349,POTONG PASIR AVE 1,103.865888878125,1.33485064375,349,880.53589755024,2,CHENG SAN,NORTH-EAST REGION,164,473,524
350,POTONG PASIR AVE 2,103.865764166667,1.33261293333333,350,1013.58848456457,2,CHENG SAN,NORTH-EAST REGION,191,253,500
351,POTONG PASIR AVE 3,103.866515544444,1.33387893333333,351,901.666722785407,2,CHENG SAN,NORTH-EAST REGION,22,456,416
352,PUNGGOL CTRL,103.910843418182,1.39967993636364,352,1156.26679189929,2,CHENG SAN,NORTH-EAST REGION,748,497,515
353,PUNGGOL DR,103.912574243478,1.40149534782609,353,1138.1595171209,2,CHENG SAN,NORTH-EAST REGION,1159,285,92
354,PUNGGOL EAST,103.914581733333,1.3944578,354,1867.95889104729,2,CHENG SAN,NORTH-EAST REGION,1278,459,187
355,PUNGGOL FIELD,103.905811297059,1.39879073088235,355,1045.32908164925,2,CHENG SAN,NORTH-EAST REGION,185,557,89
356,PUNGGOL FIELD WALK,103.91242785,1.393060675,356,1875.68453116316,2,CHENG SAN,NORTH-EAST REGION,1119,576,99
357,PUNGGOL PL,103.902710108108,1.40223742972973,357,698.294436606859,2,CHENG SAN,NORTH-EAST REGION,616,407,347
358,PUNGGOL RD,103.907155730769,1.40306612307692,358,624.018696612921,2,CHENG SAN,NORTH-EAST REGION,597,504,367
359,PUNGGOL WALK,103.8997534,1.40202028823529,359,884.045171095816,2,CHENG SAN,NORTH-EAST REGION,1513,214,500
360,PUNGGOL WAY,103.901570725,1.379923325,360,2127.98292919658,6,KEBUN BAHRU,NORTH-EAST REGION,594,440,803
361,QUEEN'S CL,103.79995245,1.29344176666667,361,329.256331840766,6,KEBUN BAHRU,NORTH-EAST REGION,649,944,828
362,QUEEN'S RD,103.886552375,1.3067045,362,188.863404109032,6,KEBUN BAHRU,NORTH-EAST REGION,331,290,304
363,QUEEN ST,103.853743175,1.30051345,363,75.034261236649,6,KEBUN BAHRU,NORTH-EAST REGION,387,963,606
364,QUEENSWAY,103.8035364,1.2889285,364,309.619725499808,6,KEBUN BAHRU,NORTH-EAST REGION,363,2051,1229
365,RACE COURSE RD,103.85606932500001,1.314213225,365,685.102398542331,6,KEBUN BAHRU,NORTH-EAST REGION,117,816,196
366,REDHILL CL,103.817267033333,1.28572449259259,366,213.955957077829,6,KEBUN BAHRU,NORTH-EAST REGION,595,455,853
367,REDHILL LANE,103.819423233333,1.2874057,367,120.959067998238,6,KEBUN BAHRU,NORTH-EAST REGION,137,649,496
368,REDHILL RD,103.814564344444,1.28995844444444,368,486.220259237282,6,KEBUN BAHRU,NORTH-EAST REGION,501,667,352
369,RIVERVALE CRES,103.90762974359,1.39045842820513,369,1985.69466846057,6,KEBUN BAHRU,NORTH-EAST REGION,962,616,329
370,RIVERVALE DR,103.903805368421,1.38963471052632,370,1884.9480461425,6,KEBUN BAHRU,NORTH-EAST REGION,764,444,345
371,RIVERVALE ST,103.903623964706,1.38920685294118,371,1887.59639927515,6,KEBUN BAHRU,NORTH-EAST REGION,635,383,333
372,RIVERVALE WALK,103.90053312,1.38323256,372,2021.15397876949,6,KEBUN BAHRU,NORTH-EAST REGION,249,451,287
373,ROCHOR RD,103.8549627,1.302570225,373,192.553341832271,6,KEBUN BAHRU,NORTH-EAST REGION,1,560,329
374,ROWELL RD,103.8553699,1.30784705,374,174.543991133685,6,KEBUN BAHRU,NORTH-EAST REGION,220,804,373
375,SAGO LANE,103.8429707,1.2817753,375,55.8191359306456,6,KEBUN BAHRU,NORTH-EAST REGION,208,1236,342
376,SAUJANA RD,103.7682583125,1.382843775,376,746.906677103883,6,KEBUN BAHRU,NORTH-EAST REGION,495,432,402
377,SEGAR RD,103.777361557143,1.3854966,377,1027.75748420238,6,KEBUN BAHRU,NORTH-EAST REGION,742,675,589
378,SELEGIE RD,103.8506788,1.3034033,378,310.326976380302,6,KEBUN BAHRU,NORTH-EAST REGION,21,801,447
379,SELETAR WEST FARMWAY 6,103.87044352,1.39547942,379,852.641161950771,6,KEBUN BAHRU,NORTH-EAST REGION,1450,893,1027
380,SEMBAWANG CL,103.817730105,1.446853125,380,581.621492022988,6,KEBUN BAHRU,NORTH-EAST REGION,499,288,491
381,SEMBAWANG CRES,103.8175668,1.44562657142857,381,668.418771772349,6,KEBUN BAHRU,NORTH-EAST REGION,581,72,573
382,SEMBAWANG DR,103.81657208125,1.452182690625,382,726.690650509131,6,KEBUN BAHRU,NORTH-EAST REGION,305,550,800
383,SEMBAWANG RD,103.8177163,1.402746,383,3394.48516329866,6,KEBUN BAHRU,NORTH-EAST REGION,462,3038,3041
384,SEMBAWANG VISTA,103.820530575,1.4464055,384,373.984240540844,6,KEBUN BAHRU,NORTH-EAST REGION,558,367,635
385,SEMBAWANG WAY,103.818602,1.449646,385,425.230555089783,6,KEBUN BAHRU,NORTH-EAST REGION,339,541,326
386,SENG POH RD,103.83238215,1.2846967,386,43.4553485874991,6,KEBUN BAHRU,NORTH-EAST REGION,205,1008,851
387,SENGKANG CTRL,103.8941552,1.385070075,387,1453.53009830896,6,KEBUN BAHRU,NORTH-EAST REGION,575,449,448
388,SENGKANG EAST RD,103.89265004,1.38744218,388,1145.13954335113,5,SHANGRI-LA,NORTH-EAST REGION,392,795,324
389,SENGKANG EAST WAY,103.896430604167,1.39162044166667,389,1060.00631112059,5,SHANGRI-LA,NORTH-EAST REGION,435,720,397
390,SENGKANG WEST AVE,103.8779383,1.39232484,390,126.90130089997,5,SHANGRI-LA,NORTH-EAST REGION,1582,344,278
391,SENGKANG WEST WAY,103.876012208333,1.38839145,391,372.666882749,5,SHANGRI-LA,NORTH-EAST REGION,1083,516,477
392,SENJA LINK,103.7636526,1.386976625,392,1428.99863528227,5,SHANGRI-LA,NORTH-EAST REGION,428,388,157
393,SENJA RD,103.761229496667,1.3846533,393,1475.95933618183,9,YIO CHU KANG WEST,NORTH-EAST REGION,729,264,310
394,SERANGOON AVE 1,103.87363708,1.34717346,394,833.713045586267,9,YIO CHU KANG WEST,NORTH-EAST REGION,552,538,365
395,SERANGOON AVE 2,103.867294627586,1.35333863448276,395,1087.44733665251,9,YIO CHU KANG WEST,NORTH-EAST REGION,91,707,393
396,SERANGOON AVE 3,103.869405841667,1.35200916666667,396,1267.9486049319,9,YIO CHU KANG WEST,NORTH-EAST REGION,305,457,276
397,SERANGOON AVE 4,103.871710795,1.3573318,397,849.258353090848,9,YIO CHU KANG WEST,NORTH-EAST REGION,406,355,959
398,SERANGOON CTRL,103.874345003704,1.35039777407407,398,1198.83077781009,9,YIO CHU KANG WEST,NORTH-EAST REGION,175,715,50
399,SERANGOON CTRL DR,103.871673233333,1.35441778888889,399,1111.55537020562,9,YIO CHU KANG WEST,NORTH-EAST REGION,140,859,603
400,SERANGOON NTH AVE 1,103.871603616216,1.36850187567568,400,735.745148667983,9,YIO CHU KANG WEST,NORTH-EAST REGION,363,430,2349
401,SERANGOON NTH AVE 2,103.8749518625,1.3683223625,401,1040.23082481164,9,YIO CHU KANG WEST,NORTH-EAST REGION,330,480,2147
402,SERANGOON NTH AVE 3,103.870846708333,1.37330884166667,402,1112.7688561325201,9,YIO CHU KANG WEST,NORTH-EAST REGION,492,622,2908
403,SERANGOON NTH AVE 4,103.874237484444,1.37298932222222,403,1009.42608862419,9,YIO CHU KANG WEST,NORTH-EAST REGION,176,295,2834
404,SHORT ST,103.8063834,1.33409695,404,1401.27167318588,9,YIO CHU KANG WEST,NORTH-EAST REGION,2002,1004,1422
405,SHUNFU RD,103.838508876923,1.35055666923077,405,229.685832034544,9,YIO CHU KANG WEST,NORTH-EAST REGION,687,835,295
406,SILAT AVE,103.83133415,1.2772275,406,667.06484678631,9,YIO CHU KANG WEST,NORTH-EAST REGION,67,1222,1019
407,SIMEI LANE,103.9588800625,1.3429237375,407,1614.66436180057,9,YIO CHU KANG WEST,NORTH-EAST REGION,512,1071,665
408,SIMEI RD,103.959392972727,1.34524693636364,408,1644.14746576473,9,YIO CHU KANG WEST,NORTH-EAST REGION,441,1077,554
409,SIMEI ST 1,103.953450981395,1.34474779069767,409,987.231062488379,9,YIO CHU KANG WEST,NORTH-EAST REGION,113,704,316
410,SIMEI ST 2,103.95550485,1.34522035,410,1211.75473640468,6,KEBUN BAHRU,NORTH-EAST REGION,324,773,433
411,SIMEI ST 4,103.956517946667,1.34290244,411,1357.77631648939,6,KEBUN BAHRU,NORTH-EAST REGION,431,667,424
412,SIMEI ST 5,103.95433085,1.34409648333333,412,1093.60658052795,6,KEBUN BAHRU,NORTH-EAST REGION,209,529,241
413,SIMS AVE,103.8768337,1.350020025,413,1247.68434417573,6,KEBUN BAHRU,NORTH-EAST REGION,190,755,397
414,SIMS DR,103.856657709091,1.34535313636364,414,616.810321757229,6,KEBUN BAHRU,NORTH-EAST REGION,286,656,1214
415,SIMS PL,103.8802278,1.31744865,415,98.8593787142104,6,KEBUN BAHRU,NORTH-EAST REGION,86,537,421
416,SIN MING AVE,103.832173115,1.360449885,416,1052.67421105765,6,KEBUN BAHRU,NORTH-EAST REGION,453,968,2350
417,SIN MING RD,103.8375712,1.355493675,417,390.135702689779,6,KEBUN BAHRU,NORTH-EAST REGION,372,899,1076
418,SMITH ST,103.8651688,1.3057252,418,142.275384318479,6,KEBUN BAHRU,NORTH-EAST REGION,289,1180,446
419,SPOTTISWOODE PK RD,103.83546554,1.27411916,419,900.432375884225,2,CHENG SAN,NORTH-EAST REGION,914,1035,844
420,ST. GEORGE'S LANE,103.859786416667,1.32311648333333,420,517.711430862473,2,CHENG SAN,NORTH-EAST REGION,152,291,551
421,ST. GEORGE'S RD,103.882313405882,1.32540957058824,421,324.88046886281097,2,CHENG SAN,NORTH-EAST REGION,621,445,297
422,STIRLING RD,103.819401189286,1.29839349642857,422,1170.23830673605,2,CHENG SAN,NORTH-EAST REGION,2682,1340,1780
423,STRATHMORE AVE,103.814630736842,1.29486980526316,423,881.664313688759,2,CHENG SAN,NORTH-EAST REGION,803,642,891
424,TAH CHING RD,103.723193338889,1.33731707222222,424,354.482951382833,2,CHENG SAN,NORTH-EAST REGION,751,783,1117
425,TAMAN HO SWEE,103.831873283333,1.28812933333333,425,250.589203354598,2,CHENG SAN,NORTH-EAST REGION,432,1414,819
426,TAMPINES AVE 4,103.938076295455,1.34798963181818,426,674.810691036229,2,CHENG SAN,NORTH-EAST REGION,109,280,266
427,TAMPINES AVE 5,103.939809127273,1.3516148,427,248.668833559866,2,CHENG SAN,NORTH-EAST REGION,395,444,591
428,TAMPINES AVE 7,103.9568007,1.35552858571429,428,1741.24910565093,2,CHENG SAN,NORTH-EAST REGION,470,452,260
429,TAMPINES AVE 8,103.93070985,1.3500582,429,1088.00816642982,2,CHENG SAN,NORTH-EAST REGION,331,554,1121
430,TAMPINES AVE 9,103.954228431579,1.36082141052632,430,1426.31488801897,2,CHENG SAN,NORTH-EAST REGION,255,422,543
431,TAMPINES CTRL 1,103.945151333333,1.35572053333333,431,637.773668486725,9,YIO CHU KANG WEST,NORTH-EAST REGION,32,574,219
432,TAMPINES CTRL 7,103.9386992125,1.3566541375,432,329.202904420973,9,YIO CHU KANG WEST,NORTH-EAST REGION,365,699,778
433,TAMPINES ST 11,103.94757499,1.34681201,433,353.027959506964,9,YIO CHU KANG WEST,NORTH-EAST REGION,245,849,988
434,TAMPINES ST 12,103.944998105,1.34983052,434,465.281784463442,9,YIO CHU KANG WEST,NORTH-EAST REGION,337,188,499
435,TAMPINES ST 21,103.949457836364,1.35341960545455,435,1014.6052803326,9,YIO CHU KANG WEST,NORTH-EAST REGION,210,465,694
436,TAMPINES ST 22,103.953052482143,1.34913325714286,436,1014.38859638394,9,YIO CHU KANG WEST,NORTH-EAST REGION,319,271,1157
437,TAMPINES ST 23,103.953847846667,1.35470281333333,437,1434.56359654632,9,YIO CHU KANG WEST,NORTH-EAST REGION,218,506,359
438,TAMPINES ST 24,103.951946025,1.35556085,438,1366.54096741481,9,YIO CHU KANG WEST,NORTH-EAST REGION,374,704,457
439,TAMPINES ST 32,103.958279845455,1.35336652121212,439,1743.41305890314,9,YIO CHU KANG WEST,NORTH-EAST REGION,53,279,552
440,TAMPINES ST 33,103.960027024242,1.35245701515152,440,1872.5760942962,9,YIO CHU KANG WEST,NORTH-EAST REGION,244,371,853
441,TAMPINES ST 34,103.960310005882,1.35694187058824,441,2068.22672332497,9,YIO CHU KANG WEST,NORTH-EAST REGION,549,263,661
442,TAMPINES ST 41,103.94700886875,1.3585474625,442,961.921365829418,9,YIO CHU KANG WEST,NORTH-EAST REGION,115,685,678
443,TAMPINES ST 42,103.952902947826,1.35762795652174,443,1524.40402787969,6,KEBUN BAHRU,NORTH-EAST REGION,331,622,442
444,TAMPINES ST 43,103.951790142308,1.36147636153846,444,1322.51901010471,9,YIO CHU KANG WEST,NORTH-EAST REGION,158,476,944
445,TAMPINES ST 44,103.954353664286,1.36026292142857,445,1489.61944974435,9,YIO CHU KANG WEST,NORTH-EAST REGION,336,358,475
446,TAMPINES ST 45,103.9572704,1.36138655588235,446,1476.79503121987,9,YIO CHU KANG WEST,NORTH-EAST REGION,128,329,679
447,TAMPINES ST 71,103.936168814286,1.35773175,447,582.937676474142,9,YIO CHU KANG WEST,NORTH-EAST REGION,288,228,951
448,TAMPINES ST 72,103.934450642857,1.35937416428571,448,846.272316292876,9,YIO CHU KANG WEST,NORTH-EAST REGION,196,311,1250
449,TAMPINES ST 81,103.933833465625,1.34847075,449,886.261002282271,9,YIO CHU KANG WEST,NORTH-EAST REGION,135,562,703
450,TAMPINES ST 82,103.936734207692,1.35186573461538,450,399.500085113609,9,YIO CHU KANG WEST,NORTH-EAST REGION,62,215,947
451,TAMPINES ST 83,103.934690235294,1.35327568529412,451,564.181020178874,9,YIO CHU KANG WEST,NORTH-EAST REGION,350,390,1004
452,TAMPINES ST 84,103.932233408333,1.35319966666667,452,837.070651955301,9,YIO CHU KANG WEST,NORTH-EAST REGION,592,225,1397
453,TAMPINES ST 91,103.939906171429,1.34720539047619,453,552.907026329302,1,ANG MO KIO TOWN CENTRE,NORTH-EAST REGION,352,202,343
454,TANGLIN HALT RD,103.798973275,1.29869698928571,454,165.999375647703,1,ANG MO KIO TOWN CENTRE,NORTH-EAST REGION,118,319,450
455,TAO CHING RD,103.7243453,1.3332626,455,346.981655078284,1,ANG MO KIO TOWN CENTRE,NORTH-EAST REGION,428,430,1582
456,TEBAN GDNS RD,103.740682714286,1.32127850238095,456,250.389216502382,1,ANG MO KIO TOWN CENTRE,NORTH-EAST REGION,333,897,2136
457,TECK WHYE AVE,103.753383,1.38171486666667,457,2174.44873567171,1,ANG MO KIO TOWN CENTRE,NORTH-EAST REGION,162,192,914
458,TECK WHYE CRES,103.7530185,1.3833976,458,2259.71175530267,1,ANG MO KIO TOWN CENTRE,NORTH-EAST REGION,525,66,877
459,TECK WHYE LANE,103.752597506818,1.37890222272727,459,2218.41542877321,1,ANG MO KIO TOWN CENTRE,NORTH-EAST REGION,154,614,566
460,TELOK BLANGAH CRES,103.8202595,1.27749369090909,460,180.594313751426,1,ANG MO KIO TOWN CENTRE,NORTH-EAST REGION,127,502,1633
461,TELOK BLANGAH DR,103.810289378947,1.27343192631579,461,266.45237568548,1,ANG MO KIO TOWN CENTRE,NORTH-EAST REGION,105,619,598
462,TELOK BLANGAH HTS,103.810568727778,1.2758538,462,362.455669347085,1,ANG MO KIO TOWN CENTRE,NORTH-EAST REGION,364,405,807
463,TELOK BLANGAH RISE,103.822098854545,1.27239772727273,463,35.2301007202721,1,ANG MO KIO TOWN CENTRE,NORTH-EAST REGION,140,529,1479
464,TELOK BLANGAH ST 31,103.807102666667,1.27373126666667,464,70.8102642642831,2,CHENG SAN,NORTH-EAST REGION,185,746,642
465,TELOK BLANGAH WAY,103.822122033333,1.27411,465,154.16465294296,2,CHENG SAN,NORTH-EAST REGION,339,255,1505
466,TESSENSOHN RD,103.855865,1.314521,466,653.30662795854,2,CHENG SAN,NORTH-EAST REGION,142,798,200
467,TG PAGAR PLAZA,103.842677185714,1.27606167142857,467,81.9130775456522,2,CHENG SAN,NORTH-EAST REGION,264,650,568
468,TIONG BAHRU RD,103.831211615385,1.28598498461538,468,160.775032100771,2,CHENG SAN,NORTH-EAST REGION,420,802,461
469,TOA PAYOH CTRL,103.849202,1.33386500769231,469,320.326489180317,2,CHENG SAN,NORTH-EAST REGION,262,882,332
470,TOA PAYOH EAST,103.85692945,1.333330575,470,210.524306483489,2,CHENG SAN,NORTH-EAST REGION,540,360,1333
471,TOA PAYOH NTH,103.848145690909,1.34182174545455,471,400.175257724237,2,CHENG SAN,NORTH-EAST REGION,124,1951,259
472,TOH GUAN RD,103.746042421429,1.34028139642857,472,983.57159754278,2,CHENG SAN,NORTH-EAST REGION,357,703,1088
473,TOH YI DR,103.773684852632,1.33874277368421,473,266.458790710987,2,CHENG SAN,NORTH-EAST REGION,210,350,363
474,TOWNER RD,103.861076914286,1.32028232857143,474,246.384595970912,2,MACPHERSON,CENTRAL REGION,152,533,89
475,UBI AVE 1,103.902414708696,1.32746006521739,475,814.547890994792,1,ANG MO KIO TOWN CENTRE,NORTH-EAST REGION,203,199,588
476,UPP ALJUNIED LANE,103.87922612,1.3338998,476,1027.5006346958,1,ANG MO KIO TOWN CENTRE,NORTH-EAST REGION,96,669,1286
477,UPP BOON KENG RD,103.871923086364,1.31458822272727,477,59.1683208386908,1,ANG MO KIO TOWN CENTRE,NORTH-EAST REGION,101,1407,431
478,UPP CROSS ST,103.8452366,1.28494001666667,478,73.1248308907795,1,ANG MO KIO TOWN CENTRE,NORTH-EAST REGION,88,1337,115
479,UPP SERANGOON RD,103.8965462,1.3721093,479,1553.95155996304,1,ANG MO KIO TOWN CENTRE,NORTH-EAST REGION,818,194,906
480,VEERASAMY RD,103.855153916667,1.30635418333333,480,218.163169657782,1,ANG MO KIO TOWN CENTRE,NORTH-EAST REGION,467,662,231
481,WATERLOO ST,103.887891533333,1.3250664,481,319.247754619951,9,YIO CHU KANG WEST,NORTH-EAST REGION,146,1312,85
482,WELLINGTON CIRCLE,103.821682188889,1.45249742777778,482,371.449003226725,9,YIO CHU KANG WEST,NORTH-EAST REGION,383,134,624
483,WEST COAST DR,103.7719498,1.311455325,483,345.041277568909,9,YIO CHU KANG WEST,NORTH-EAST REGION,378,433,813
484,WEST COAST RD,103.772367372727,1.30825655454545,484,696.882644141235,9,YIO CHU KANG WEST,NORTH-EAST REGION,874,423,1318
485,WHAMPOA DR,103.855634941176,1.32236916470588,485,84.1981770437406,9,YIO CHU KANG WEST,NORTH-EAST REGION,66,527,1058
486,WHAMPOA RD,103.856744757143,1.3263847,486,420.490349774966,9,YIO CHU KANG WEST,NORTH-EAST REGION,267,885,1124
487,WHAMPOA STH,103.866396,1.324448,487,519.869807434863,6,KEBUN BAHRU,NORTH-EAST REGION,184,410,918
488,WHAMPOA WEST,103.8634349,1.3205377,488,153.116245135387,6,KEBUN BAHRU,NORTH-EAST REGION,237,464,314
489,WOODLANDS AVE 1,103.784230290323,1.43117818709677,489,559.348243404963,5,SHANGRI-LA,NORTH-EAST REGION,352,306,825
490,WOODLANDS AVE 3,103.782053825,1.4333465,490,253.391451408584,5,SHANGRI-LA,NORTH-EAST REGION,558,795,667
491,WOODLANDS AVE 4,103.795202328571,1.43889145714286,491,622.159954709738,4,TOWNSVILLE,NORTH-EAST REGION,203,567,624
492,WOODLANDS AVE 5,103.785498208333,1.43379935833333,492,636.457229032007,4,TOWNSVILLE,NORTH-EAST REGION,306,382,445
493,WOODLANDS AVE 6,103.799876388,1.442657256,493,314.772700469775,4,TOWNSVILLE,NORTH-EAST REGION,269,68,385
494,WOODLANDS AVE 9,103.791213866667,1.44508983333333,494,1199.47937784168,4,TOWNSVILLE,NORTH-EAST REGION,416,618,1327
495,WOODLANDS CIRCLE,103.796778179412,1.44412341176471,495,636.276650569936,4,TOWNSVILLE,NORTH-EAST REGION,441,318,833
496,WOODLANDS CRES,103.8071187,1.43737653571429,496,768.564450200661,4,TOWNSVILLE,NORTH-EAST REGION,1227,898,1265
497,WOODLANDS CTR RD,103.7706306,1.44123465,497,787.820806745736,4,TOWNSVILLE,NORTH-EAST REGION,225,848,1169
498,WOODLANDS DR 14,103.791607578378,1.43277695405405,498,1284.18500611431,4,TOWNSVILLE,NORTH-EAST REGION,767,330,942
499,WOODLANDS DR 16,103.794658788462,1.42952636923077,499,1332.49680609007,4,TOWNSVILLE,NORTH-EAST REGION,215,463,1571
500,WOODLANDS DR 40,103.796368771429,1.44079138571429,500,490.871358754153,4,TOWNSVILLE,NORTH-EAST REGION,482,509,631
501,WOODLANDS DR 42,103.7966408,1.43782578,501,507.920387303872,2,CHENG SAN,NORTH-EAST REGION,196,466,589
502,WOODLANDS DR 44,103.79494414,1.43226914,502,1062.02315531386,2,CHENG SAN,NORTH-EAST REGION,471,707,1375
503,WOODLANDS DR 50,103.792599,1.43670257272727,503,969.330967090057,2,CHENG SAN,NORTH-EAST REGION,456,259,832
504,WOODLANDS DR 52,103.799105166667,1.43392522222222,504,687.489891593082,2,CHENG SAN,NORTH-EAST REGION,318,285,1077
505,WOODLANDS DR 53,103.796246875,1.43256215,505,953.64539656356,2,CHENG SAN,NORTH-EAST REGION,632,565,1368
506,WOODLANDS DR 60,103.799517045455,1.44675696363636,506,765.907820003408,2,CHENG SAN,NORTH-EAST REGION,380,615,917
507,WOODLANDS DR 62,103.803326772727,1.44038912727273,507,297.031108441873,2,CHENG SAN,NORTH-EAST REGION,267,254,305
508,WOODLANDS DR 70,103.79829289,1.44124409,508,304.249509942247,2,CHENG SAN,NORTH-EAST REGION,282,347,502
509,WOODLANDS DR 71,103.799521125,1.43926625,509,150.133981588271,1,BUGIS,CENTRAL REGION,519,789,216
510,WOODLANDS DR 72,103.80343228,1.44321568,510,473.775141257231,1,BUGIS,CENTRAL REGION,425,316,464
511,WOODLANDS DR 73,103.80539898,1.44160301,511,554.95002810173,2,MACPHERSON,CENTRAL REGION,513,459,551
512,WOODLANDS DR 75,103.80787217619,1.44335263333333,512,883.555904267901,2,MACPHERSON,CENTRAL REGION,876,681,914
513,WOODLANDS RING RD,103.799895563043,1.43686571956522,513,350.661491672961,2,MACPHERSON,CENTRAL REGION,603,562,527
514,WOODLANDS ST 11,103.77637698,1.43348774,514,379.292276403135,2,MACPHERSON,CENTRAL REGION,94,675,292
515,WOODLANDS ST 13,103.777287504878,1.43516174146341,515,330.822186578639,2,MACPHERSON,CENTRAL REGION,952,1302,1073
516,WOODLANDS ST 31,103.775509893333,1.43106176,516,548.95939127412,2,MACPHERSON,CENTRAL REGION,168,408,471
517,WOODLANDS ST 32,103.77968099375,1.4309803375,517,283.14452887229,2,MACPHERSON,CENTRAL REGION,44,336,787
518,WOODLANDS ST 41,103.773407439286,1.42843883214286,518,906.48773698842,2,MACPHERSON,CENTRAL REGION,340,738,586
519,WOODLANDS ST 81,103.788272672222,1.44141914444444,519,1261.60315296187,2,MACPHERSON,CENTRAL REGION,368,382,589
520,WOODLANDS ST 82,103.791213311538,1.44245946153846,520,1091.68142962133,2,MACPHERSON,CENTRAL REGION,84,446,976
521,WOODLANDS ST 83,103.792872707692,1.44043658846154,521,872.441791782165,2,MACPHERSON,CENTRAL REGION,407,265,907
522,YISHUN AVE 11,103.852880227273,1.40674929393939,522,2213.50337451497,2,MACPHERSON,CENTRAL REGION,6376,5002,6477
523,YISHUN AVE 2,103.83380262,1.42148877,523,1247.37990364583,2,MACPHERSON,CENTRAL REGION,240,562,514
524,YISHUN AVE 3,103.833084133333,1.42415616666667,524,951.867058997913,4,BANGKIT,WEST REGION,56,701,688
525,YISHUN AVE 4,103.839787422222,1.42046531481481,525,747.048204244876,4,BANGKIT,WEST REGION,213,135,1081
526,YISHUN AVE 5,103.82963077619,1.42936772380952,526,260.184140276612,4,BANGKIT,WEST REGION,264,549,733
527,YISHUN AVE 6,103.845338466667,1.43063465185185,527,624.572291409621,4,BANGKIT,WEST REGION,768,561,1387
528,YISHUN AVE 7,103.831917983333,1.43717965,528,737.042515602139,4,BANGKIT,WEST REGION,197,404,1168
529,YISHUN AVE 9,103.842047566667,1.43514408333333,529,1159.34523554276,4,BANGKIT,WEST REGION,548,454,1158
530,YISHUN CTRL,103.840784581818,1.42971703636364,530,681.559111276738,4,BANGKIT,WEST REGION,942,605,764
531,YISHUN CTRL 1,103.8373032,1.42678152857143,531,851.099692271054,4,BANGKIT,WEST REGION,191,867,472
532,YISHUN RING RD,103.837008013235,1.42689094264706,532,885.858119677913,4,BANGKIT,WEST REGION,259,848,425
533,YISHUN ST 11,103.832321624242,1.43264287878788,533,441.355002995118,4,BANGKIT,WEST REGION,212,223,607
534,YISHUN ST 20,103.834951525,1.43595415,534,870.502639224481,4,BANGKIT,WEST REGION,273,403,809
535,YISHUN ST 21,103.836728517143,1.43293818285714,535,926.304505751137,4,BANGKIT,WEST REGION,247,265,502
536,YISHUN ST 22,103.83861942963,1.43701083333333,536,1279.52459240843,4,BANGKIT,WEST REGION,259,238,1316
537,YISHUN ST 31,103.84332915,1.4297789,537,549.630917877274,4,BANGKIT,WEST REGION,1140,863,1146
538,YISHUN ST 41,103.8449309,1.42002654,538,552.26740317532,4,BANGKIT,WEST REGION,1017,368,1659
539,YISHUN ST 61,103.83740402439,1.4202833804878,539,970.519602595518,4,BANGKIT,WEST REGION,366,444,726
540,YISHUN ST 71,103.829324561111,1.42648421111111,540,555.779505219139,4,BANGKIT,WEST REGION,236,326,884
541,YISHUN ST 72,103.833280259259,1.42737244074074,541,693.986238997376,4,BANGKIT,WEST REGION,104,508,349
542,YISHUN ST 81,103.834948125,1.41448318409091,542,1595.6631874021,3,COMMONWEALTH,CENTRAL REGION,193,551,483
543,YUAN CHING RD,103.72396165,1.3359092,543,308.454677937346,3,COMMONWEALTH,CENTRAL REGION,602,843,1238
544,YUNG AN RD,103.7206165375,1.336428925,544,226.896993150883,3,COMMONWEALTH,CENTRAL REGION,399,522,1089
545,YUNG HO RD,103.721206975,1.3273169,545,804.906431219772,3,COMMONWEALTH,CENTRAL REGION,147,678,2280
546,YUNG KUANG RD,103.722185966667,1.33097926666667,546,406.011046833578,3,COMMONWEALTH,CENTRAL REGION,286,386,1787
547,YUNG LOH RD,103.722157225,1.328328675,547,695.900087708578,3,COMMONWEALTH,CENTRAL REGION,308,516,2119
548,YUNG PING RD,103.722057071429,1.32991238571429,548,520.601007605475,4,BEDOK NORTH,EAST REGION,419,411,1920
549,YUNG SHENG RD,103.721723675,1.3335647625,549,115.543016565409,4,BEDOK NORTH,EAST REGION,256,655,1488
550,ZION RD,103.85620625,1.30472215,550,297.935120921141,4,BEDOK NORTH,EAST REGION,460,595,237
