Name,desc,SUBZONE_NO,SUBZONE_N,PLN_AREA_N,REGION_N,lon,lat
kml_1,Toa Payoh Lorong 7 Blk 22 (Kim Keat Palm Market and Food Centre),6,PEI CHUN,TOA PAYOH,CENTRAL REGION,103.857036007166,1.33523145909678
kml_2,Our Tampines Hub,3,TAMPINES WEST,TAMPINES,EAST REGION,103.939726160039,1.35386211773287
kml_3,Pasir Ris Central Hawker Centre,3,PASIR RIS CENTRAL,PASIR RIS,EAST REGION,103.951543034782,1.37343413973246
kml_4,Hougang Street 21 Blk 209 (Kovan Hougang Market and Food Centre),7,LORONG AH SOO,HOUGANG,NORTH-EAST REGION,103.885977616903,1.35911942212642
kml_5,Redhill Lane Blk 79 (Redhill Market),3,REDHILL,BUKIT MERAH,CENTRAL REGION,103.818402623449,1.2878581025663
kml_6,Redhill Lane Blk 85 (Redhill Food Centre),3,REDHILL,BUKIT MERAH,CENTRAL REGION,103.818338919994,1.28733076703987
kml_7,Serangoon Garden Market,4,SERANGOON GARDEN,SERANGOON,NORTH-EAST REGION,103.866737484646,1.3631571201113
kml_8,Cambridge Road Blk 41A (Pek Kio Market and Food Centre),7,KAMPONG JAVA,KALLANG,CENTRAL REGION,103.850225081031,1.31615991374589
kml_9,Changi Village Blk 2 and 3,1,CHANGI POINT,CHANGI,EAST REGION,103.988245749103,1.38915172065006
kml_10,Ang Mo Kio Ave 1 Blk 226D (Kebun Baru Market and Food Centre),5,SHANGRI-LA,ANG MO KIO,NORTH-EAST REGION,103.839231344066,1.36678764523637
kml_11,Ang Mo Kio Ave 10 Blk 409 (Teck Ghee Square),3,CHONG BOON,ANG MO KIO,NORTH-EAST REGION,103.855369790045,1.36276891777383
kml_12,Ang Mo Kio Ave 4 Blk 160/162 (Mayflower Market),6,KEBUN BAHRU,ANG MO KIO,NORTH-EAST REGION,103.839214290038,1.37448912101909
kml_13,Shunfu Road Blk 320 (Shunfu Mart),1,UPPER THOMSON,BISHAN,CENTRAL REGION,103.837031803823,1.3520074419841701
kml_14,Sims Place Blk 49 (Sims Vista Market and Food Centre),4,ALJUNIED,GEYLANG,CENTRAL REGION,103.879417030673,1.31708335109102
kml_15,Taman Jurong Market and Food Centre,4,TAMAN JURONG,JURONG WEST,WEST REGION,103.721519868629,1.33458935951076
kml_16,Tanglin Halt Market,4,TANGLIN HALT,QUEENSTOWN,CENTRAL REGION,103.797625756738,1.30078931480841
kml_17,Marine Terrace Blk 50A (50A Marine Terrace),3,MARINE PARADE,MARINE PARADE,CENTRAL REGION,103.915761950557,1.30577514781108
kml_18,Toa Payoh Lorong 4 Blk 74 (Toa Payoh Vista Market),4,BOON TECK,TOA PAYOH,CENTRAL REGION,103.851999137527,1.33454816495637
kml_19,Whampoa Drive Blk 90 (Whampoa Drive Makan Place/Whampoa Food Centre),1,BALESTIER,NOVENA,CENTRAL REGION,103.855137696535,1.32294306204189
kml_20,Ang Mo Kio Ave 1 Blk 341 (Teck Ghee Court),4,TOWNSVILLE,ANG MO KIO,NORTH-EAST REGION,103.848254220438,1.36410517096399
kml_21,Ang Mo Kio Ave 10 Blk 453A (Chong Boon Market and Food Centre),3,CHONG BOON,ANG MO KIO,NORTH-EAST REGION,103.856351437414,1.36824049310006
kml_22,Clementi Ave 2 Blk 353 (Clementi Ave 2 Market/Cooked Food Centre),4,CLEMENTI NORTH,CLEMENTI,WEST REGION,103.770836740843,1.31436772839327
kml_23,Dunman Food Centre,2,KATONG,MARINE PARADE,CENTRAL REGION,103.90182514721,1.30941418731184
kml_24,Empress Road Blk 7 (Empress Road Market and Food Centre),8,FARRER COURT,BUKIT TIMAH,CENTRAL REGION,103.805636386821,1.31624573118373
kml_25,Holland Drive Blk 44 (Holland Drive Market and Food Centre),2,HOLLAND DRIVE,QUEENSTOWN,CENTRAL REGION,103.792773765463,1.30811775909823
kml_26,New Upper Changi Road Blk 208B,4,BEDOK NORTH,BEDOK,EAST REGION,103.93056047823,1.32473884451035
kml_27,North Bridge Road Market,9,CRAWFORD,KALLANG,CENTRAL REGION,103.863891012338,1.30576537802761
kml_28,Tampines Street 11 Blk 137 (Tampines Round Market and Food Centre),2,TAMPINES EAST,TAMPINES,EAST REGION,103.944624481151,1.3456395210229
kml_29,Telok Blangah Crescent Blk 11 (11 Telok Blangah Crescent Market and Food Centre),14,TELOK BLANGAH WAY,BUKIT MERAH,CENTRAL REGION,103.818641695106,1.27736683810317
kml_30,Tiong Bahru Market,10,TIONG BAHRU,BUKIT MERAH,CENTRAL REGION,103.832348785334,1.28508825756818
kml_31,Toa Payoh Lorong 5 Blk 75,4,BOON TECK,TOA PAYOH,CENTRAL REGION,103.852941556275,1.33603882157063
kml_32,Upper Boon Keng Road Blk 17 (Blk 17 Upper Boon Keng Market and Food Centre),3,BOON KENG,KALLANG,CENTRAL REGION,103.871620273635,1.31502804429519
kml_33,Zion Riverside Food Centre,2,CHATSWORTH,TANGLIN,CENTRAL REGION,103.831189303546,1.29234216757957
kml_34,Clementi Ave 3 Blk 448,6,CLEMENTI CENTRAL,CLEMENTI,WEST REGION,103.764510533078,1.31326486994113
kml_35,Commonwealth Drive Blk 1A/2A/3A (Tanglin Halt Food Centre/Commonwealth Drive Food Centre),4,TANGLIN HALT,QUEENSTOWN,CENTRAL REGION,103.797875477439,1.29971330531884
kml_36,Geylang Serai Market,5,GEYLANG EAST,GEYLANG,CENTRAL REGION,103.898224315881,1.3167281476983
kml_37,Ghim Moh Road Blk 20,1,GHIM MOH,QUEENSTOWN,CENTRAL REGION,103.788230657145,1.31099627311591
kml_38,Jurong West Street 52 Blk 505,3,HONG KAH,JURONG WEST,WEST REGION,103.71844754363,1.34964224318434
kml_39,Market Street Interim Hawker Centre,3,CHINATOWN,OUTRAM,CENTRAL REGION,103.848973726501,1.28159564281228
kml_40,Marsiling Lane Blk 20/21,6,WOODLANDS WEST,WOODLANDS,NORTH REGION,103.777203165702,1.44388181695611
kml_41,Maxwell Food Centre (Kim Hua Market),7,MAXWELL,DOWNTOWN CORE,CENTRAL REGION,103.844827863123,1.28011223513205
kml_42,New Market Road Blk 32 (People's Park Food Centre),1,PEARL'S HILL,OUTRAM,CENTRAL REGION,103.842578750107,1.28499102169498
kml_43,Newton Food Centre,3,NEWTON CIRCUS,NEWTON,CENTRAL REGION,103.839562687644,1.31189235691652
kml_44,Ang Mo Kio Ave 4 Blk 628 (Ang Mo Kio 628 Market),9,YIO CHU KANG WEST,ANG MO KIO,NORTH-EAST REGION,103.840682307297,1.38102486670548
kml_45,Ang Mo Kio Ave 6 Blk 724 (Blk 724 Ang Mo Kio Market),1,ANG MO KIO TOWN CENTRE,ANG MO KIO,NORTH-EAST REGION,103.846519219268,1.37219743270044
kml_46,Bukit Merah View Blk 115 (Blk 115 Bukit Merah View Market and Food Centre),8,HENDERSON HILL,BUKIT MERAH,CENTRAL REGION,103.822049361292,1.28550478314618
kml_47,Upper Cross Street Blk 531A (Hong Lim Food Centre and Market),4,CHINA SQUARE,OUTRAM,CENTRAL REGION,103.845818885585,1.28524640047048
kml_48,West Coast Drive Blk 502 (Ayer Rajah Market),6,CLEMENTI CENTRAL,CLEMENTI,WEST REGION,103.759166093858,1.31188972115897
kml_49,West Coast Drive Blk 503 (Ayer Rajah Food Centre),6,CLEMENTI CENTRAL,CLEMENTI,WEST REGION,103.759751321019,1.31180301004196
kml_50,,5,MARGARET DRIVE,QUEENSTOWN,CENTRAL REGION,103.804715225285,1.29748567106686
kml_51,Bukit Merah Central Blk 163 (Bukit Merah Central Food Centre),2,BUKIT MERAH,BUKIT MERAH,CENTRAL REGION,103.816992390295,1.28369258928085
kml_52,Marine Parade Central Blk 84 (84 Marine Parade Central Market and Food Centre),3,MARINE PARADE,MARINE PARADE,CENTRAL REGION,103.906338526157,1.30228513841822
kml_53,Jalan Bukit Merah Blk 112 (Blk 112 Jalan Bukit Merah Market and Food Centre),11,KAMPONG TIONG BAHRU,BUKIT MERAH,CENTRAL REGION,103.826013285715,1.28000481198881
kml_54,Kampung Admiralty Hawker Centre,3,WOODLANDS EAST,WOODLANDS,NORTH REGION,103.800696448529,1.43993283228134
kml_55,Telok Blangah Rise Blk 36 (Telok Blangah Rise Market),15,TELOK BLANGAH RISE,BUKIT MERAH,CENTRAL REGION,103.82211725658,1.27271579716508
kml_56,Old Airport Road Blk 51 (51 Old Airport Road Food Centre and Shopping Mall),4,ALJUNIED,GEYLANG,CENTRAL REGION,103.885833217727,1.30825156309798
kml_57,Pasir Panjang Food Centre,15,PORT,QUEENSTOWN,CENTRAL REGION,103.791402660553,1.27590752450201
kml_58,Queen Street Blk 270 (Albert Centre),10,VICTORIA,ROCHOR,CENTRAL REGION,103.854211645499,1.30100146521405
kml_59,Aljunied Ave 2 Blk 117 (Blk 117 Aljunied Market and Food Centre),4,ALJUNIED,GEYLANG,CENTRAL REGION,103.88701902611,1.32064829234987
kml_60,Circuit Road Blk 80 (80 Circuit Road Market and Food Centre),2,MACPHERSON,GEYLANG,CENTRAL REGION,103.887128535137,1.32784956142548
kml_61,Commonwealth Crescent Market,3,COMMONWEALTH,QUEENSTOWN,CENTRAL REGION,103.800362825517,1.3068922760844
kml_62,East Coast Lagoon Food Village,7,SIGLAP,BEDOK,EAST REGION,103.93501674725,1.30668431820832
kml_63,Golden Mile Food Centre,9,CRAWFORD,KALLANG,CENTRAL REGION,103.863883249985,1.30287548090781
kml_64,Jurong West Hawker Centre,9,JURONG WEST CENTRAL,JURONG WEST,WEST REGION,103.697404254467,1.3412597060095
kml_65,Kallang Estate Fresh Market and Food Centre,4,ALJUNIED,GEYLANG,CENTRAL REGION,103.884130183315,1.30739616009942
kml_66,New Upper Changi Road Blk 58,6,BEDOK SOUTH,BEDOK,EAST REGION,103.94113237262,1.32418782817919
kml_67,Smith Street Blk 335 (Chinatown Complex Market),3,CHINATOWN,OUTRAM,CENTRAL REGION,103.843177616296,1.28223514826381
kml_68,Tanjong Pagar Plaza Blk 6 (Blk 6 Tanjong Pagar Plaza Market and Food Centre),3,CHINATOWN,OUTRAM,CENTRAL REGION,103.843166992138,1.27661461066321
kml_69,Teban Garden Road Blk 37A (Teban Gardens Market and Food Centre),8,TEBAN GARDENS,JURONG EAST,WEST REGION,103.742891623681,1.32084835041654
kml_70,Telok Blangah Drive Blk 79 (Telok Blangah Food Centre),13,TELOK BLANGAH DRIVE,BUKIT MERAH,CENTRAL REGION,103.807626838954,1.27336828250285
kml_71,Bukit Timah Market,1,ANAK BUKIT,BUKIT TIMAH,CENTRAL REGION,103.775995008012,1.33937596351523
kml_72,Woodleigh Village Hawker Centre,10,BIDADARI,TOA PAYOH,CENTRAL REGION,103.872090241567,1.3397961360031
kml_73,Chomp Chomp Food Centre,4,SERANGOON GARDEN,SERANGOON,NORTH-EAST REGION,103.866536130299,1.36422852315868
kml_74,Ci Yuan Hawker Centre,5,TRAFALGAR,HOUGANG,NORTH-EAST REGION,103.882977999397,1.37542896666561
kml_75,Circuit Road Blk 89,2,MACPHERSON,GEYLANG,CENTRAL REGION,103.885449224256,1.32344525333847
kml_76,Clementi West Street 2 Blk 726,8,CLEMENTI WEST,CLEMENTI,WEST REGION,103.764264410293,1.3037819726711
kml_77,Geylang Bahru Blk 69 (Blk 69 Geylang Bahru Market and Food Centre),2,GEYLANG BAHRU,KALLANG,CENTRAL REGION,103.870004415152,1.32146226027018
kml_78,Havelock Road Blk 22A/B (Havelock Road Cooked Food Centre),9,BUKIT HO SWEE,BUKIT MERAH,CENTRAL REGION,103.829626834637,1.28797543998733
kml_79,Bukit Canberra Hawker Centre,5,ADMIRALTY,SEMBAWANG,NORTH REGION,103.822399230842,1.44921660555282
kml_80,Adam Road Food Centre,4,DUNEARN,NOVENA,CENTRAL REGION,103.814165010384,1.32413422253318
kml_81,Boon Lay Place Blk 221A/B (Boon Lay Place Market and Food Village),2,BOON LAY PLACE,JURONG WEST,WEST REGION,103.712799765872,1.3452231627967
kml_82,Bukit Merah Lane 1 Blk 120 (Alexandra Village Food Centre),7,ALEXANDRA HILL,BUKIT MERAH,CENTRAL REGION,103.804489277779,1.28629777221659
kml_83,Eunos Crescent Blk 4A,5,GEYLANG EAST,GEYLANG,CENTRAL REGION,103.904260878989,1.32033178221424
kml_84,Mei Chin Road Blk 159 (Mei Chin Road Market),6,MEI CHIN,QUEENSTOWN,CENTRAL REGION,103.802903901116,1.29323622090657
kml_85,Holland Village Market and Food Centre,7,LEEDON PARK,BUKIT TIMAH,CENTRAL REGION,103.794862936127,1.31090802808558
kml_86,Hougang Ave 1 Blk 105 (Hougang 105 Hainanese Village Centre),7,LORONG AH SOO,HOUGANG,NORTH-EAST REGION,103.890081064953,1.35383739101169
kml_87,Jalan Bukit Merah Blk 6 (ABC Brickworks Market/Food Centre),7,ALEXANDRA HILL,BUKIT MERAH,CENTRAL REGION,103.808127999318,1.28695275198944
kml_88,Jalan Kukoh Blk 1 (Kukoh 21 Food Centre),1,PEARL'S HILL,OUTRAM,CENTRAL REGION,103.839945947186,1.28823055540002
kml_89,Jurong East Ave 1 Blk 347 (Yuhua Market and Hawker Centre),1,YUHUA WEST,JURONG EAST,WEST REGION,103.731579747132,1.34531247026793
kml_90,Jurong East Street 24 Blk 254 (Yuhua Village Market and Food Centre),2,YUHUA EAST,JURONG EAST,WEST REGION,103.737781231485,1.34344213770991
kml_91,Amoy Street Food Centre (Telok Ayer Food Centre),7,MAXWELL,DOWNTOWN CORE,CENTRAL REGION,103.846606784092,1.27921844263268
kml_92,Berseh Food Centre,3,SUNGEI ROAD,ROCHOR,CENTRAL REGION,103.856853966617,1.30733651651517
kml_93,Buffalo Road Blk 665 (Tekka Centre/Zhu Jiao Market),1,FARRER PARK,ROCHOR,CENTRAL REGION,103.850530969624,1.30620584090733
kml_94,Haig Road Blk 13/14 (Haig Road Market and Cooked Food Centre),5,GEYLANG EAST,GEYLANG,CENTRAL REGION,103.895609494855,1.3151420505272
kml_95,Bukit Panjang Hawker Centre,4,BANGKIT,BUKIT PANJANG,WEST REGION,103.772489583206,1.37760053528611
kml_96,Ang Mo Kio Ave 10 Blk 527 (Cheng San Market and Cooked Food Centre),2,CHENG SAN,ANG MO KIO,NORTH-EAST REGION,103.854482811591,1.37276992816898
kml_97,Marsiling Mall Hawker Centre,6,WOODLANDS WEST,WOODLANDS,NORTH REGION,103.779784899996,1.43353885680037
kml_98,Anchorvale Village Hawker Centre,4,ANCHORVALE,SENGKANG,NORTH-EAST REGION,103.888489618777,1.39691417603694
kml_99,Fernvale Hawker Centre,6,FERNVALE,SENGKANG,NORTH-EAST REGION,103.877060478847,1.39159232727757
kml_100,Punggol Town Hub Hawker Centre,2,PUNGGOL TOWN CENTRE,PUNGGOL,NORTH-EAST REGION,103.904805657576,1.40818996870647
kml_101,Whampoa Drive Blk 91/92 (Whampoa Drive Makan Place/Whampoa Market),1,BALESTIER,NOVENA,CENTRAL REGION,103.85406806286,1.32342175143826
kml_102,Yishun Park Hawker Centre,3,YISHUN EAST,YISHUN,NORTH REGION,103.844747581861,1.42501763803265
kml_103,Yishun Ring Road Blk 104/105 (Chong Pang Market and Food Centre),9,YISHUN WEST,YISHUN,NORTH REGION,103.828537609942,1.43144768831222
kml_104,Bedok North Street 1 Blk 216,4,BEDOK NORTH,BEDOK,EAST REGION,103.933221544751,1.32706240888967
kml_105,Bedok Reservoir Road Blk 630,1,KAKI BUKIT,BEDOK,EAST REGION,103.91405388831,1.33315924777343
kml_106,Circuit Road Blk 79/79A,2,MACPHERSON,GEYLANG,CENTRAL REGION,103.885043500019,1.32644992167231
kml_107,Jalan Batu Blk 4A (Blk 4A Jalan Batu Hawker Centre/Market),5,TANJONG RHU,KALLANG,CENTRAL REGION,103.88394058022,1.30241881353449
kml_108,Sembawang Hills Food Centre (Jalan Leban Food Centre),7,SEMBAWANG HILLS,ANG MO KIO,NORTH-EAST REGION,103.828994204342,1.37238494002145
kml_109,Toa Payoh Lorong 8 Blk 210,5,LORONG 8 TOA PAYOH,TOA PAYOH,CENTRAL REGION,103.854395279214,1.3402608349586
kml_110,Ang Mo Kio Street 22 Blk 226H (Kebun Baru Food Centre),5,SHANGRI-LA,ANG MO KIO,NORTH-EAST REGION,103.839953165937,1.36723014879667
kml_111,Bedok Food Centre,6,BEDOK SOUTH,BEDOK,EAST REGION,103.955474150677,1.32035600765426
kml_112,Bedok North Street 3 Blk 511 (Kaki Bukit 511 Market and Food Centre),4,BEDOK NORTH,BEDOK,EAST REGION,103.930602144469,1.33324627868937
kml_113,Bedok North Street 3 Blk 538,4,BEDOK NORTH,BEDOK,EAST REGION,103.924844235398,1.33178125123252
kml_114,Bedok North Street 4 Blk 85 (85 Fengshan Centre),4,BEDOK NORTH,BEDOK,EAST REGION,103.938732580554,1.33198706861747
kml_115,Bedok South Road Blk 16,6,BEDOK SOUTH,BEDOK,EAST REGION,103.93553909635,1.32055216480957
kml_116,Bendemeer Road Blk 29 (Bendemeer Market and Food Centre),1,BENDEMEER,KALLANG,CENTRAL REGION,103.863021377531,1.31921699786807
kml_117,Beo Crescent Market,9,BUKIT HO SWEE,BUKIT MERAH,CENTRAL REGION,103.827358017197,1.28882210205212
kml_118,Telok Blangah Drive Blk 82 (Telok Blangah Market),13,TELOK BLANGAH DRIVE,BUKIT MERAH,CENTRAL REGION,103.807943567416,1.27391379857001
kml_119,Toa Payoh Lorong 1 Blk 127 (Toa Payoh West Market and Food Court),1,TOA PAYOH WEST,TOA PAYOH,CENTRAL REGION,103.844731621961,1.33809268551386
kml_120,Toa Payoh Lorong 4 Blk 93,3,BRADDELL,TOA PAYOH,CENTRAL REGION,103.849513484035,1.3384747524617
